contract_id,content_id,studio,royalty_rate,rate_per_play,territory,start_date,end_date,tier_threshold,tier_rate
C0001,Show_277,Apex Studios,0.1209,0.0376,"{US,IN,UK,JP}",2023-10-17,2026-08-02,150000,0.032
C0002,Show_008,NovaPic,0.166,0.0128,"{IN,BR,US,DE}",2023-08-19,2026-04-05,75000,0.0109
C0003,Music_096,StellarSound,0.0949,0.0206,"{US,UK}",2023-11-11,2026-05-29,75000,0.0175
C0004,Music_123,GridMedia,0.1549,0.0328,"{CA,AU,JP,UK,IN}",2023-10-06,2026-01-23,100000,0.0279
C0005,Movie_034,NeonFilms,0.134,0.0275,"{BR,JP}",2024-09-10,2026-05-03,200000,0.0234
C0006,Movie_484,Apex Studios,0.0826,0.0192,"{DE,US}",2023-06-29,2025-09-16,200000,0.0163
C0007,Movie_086,NovaPic,0.1319,0.0277,"{BR,AU,US}",2024-04-26,2026-03-17,100000,0.0235
C0008,Show_251,StellarSound,0.1208,0.0228,"{JP,BR,FR}",2024-05-22,2026-02-11,50000,0.0194
C0009,Movie_355,GridMedia,0.1463,0.026,"{AU,CA}",2023-11-19,2025-07-11,200000,0.0221
C0010,Show_024,NeonFilms,0.1123,0.0488,"{FR,AU}",2024-02-28,2025-03-24,150000,0.0415
C0011,Movie_185,Apex Studios,0.0988,0.0245,"{US,IN,UK,DE,CA}",2023-10-22,2025-12-10,150000,0.0208
C0012,Music_010,NovaPic,0.1681,0.0294,"{UK,DE,AU}",2023-01-15,2025-06-03,50000,0.025
C0013,Movie_419,StellarSound,0.1208,0.019,"{CA,UK,IN,JP,AU}",2024-06-05,2027-03-22,50000,0.0161
C0014,Show_116,GridMedia,0.1073,0.0434,"{AU,UK,IN}",2023-07-15,2026-01-30,150000,0.0369
C0015,Show_183,NeonFilms,0.1308,0.0452,"{BR,JP,FR,DE}",2023-10-01,2024-09-25,50000,0.0384
C0016,Show_002,Apex Studios,0.1083,0.0219,"{UK,AU,DE,IN,FR}",2023-12-07,2026-04-25,200000,0.0186
C0017,Show_261,NovaPic,0.1563,0.0251,"{IN,BR,CA}",2024-02-25,2025-03-21,100000,0.0213
C0018,Movie_050,StellarSound,0.1118,0.0289,"{UK,AU,US,CA,DE}",2024-08-27,2026-06-18,150000,0.0246
C0019,Show_233,GridMedia,0.167,0.045,"{FR,AU}",2023-01-16,2025-12-01,150000,0.0382
C0020,Movie_337,NeonFilms,0.0944,0.0448,"{AU,DE}",2023-12-13,2026-06-30,75000,0.0381
C0021,Movie_451,Apex Studios,0.1493,0.036,"{JP,AU,BR,DE,US}",2024-09-24,2025-11-18,100000,0.0306
C0022,Show_291,NovaPic,0.1035,0.0374,"{CA,BR,US}",2024-10-10,2027-07-27,100000,0.0318
C0023,Movie_351,StellarSound,0.1673,0.0277,"{US,JP}",2023-02-27,2024-11-18,100000,0.0235
C0024,Movie_468,GridMedia,0.1158,0.0272,"{UK,FR,CA,US,DE}",2024-01-27,2026-08-14,75000,0.0231
C0025,Show_123,NeonFilms,0.1483,0.0299,"{IN,AU,JP}",2023-09-18,2025-11-06,200000,0.0254
C0026,Movie_477,Apex Studios,0.1055,0.0104,"{FR,UK,US,IN}",2023-12-20,2026-06-07,150000,0.0088
C0027,Show_115,NovaPic,0.1099,0.0485,"{DE,IN,AU,BR,US}",2023-08-31,2025-08-20,100000,0.0412
C0028,Show_055,StellarSound,0.1372,0.033,"{BR,DE}",2023-01-09,2025-06-27,100000,0.0281
C0029,Movie_366,GridMedia,0.1665,0.0411,"{DE,IN,FR,UK,CA}",2024-10-13,2026-04-06,50000,0.0349
C0030,Show_271,NeonFilms,0.1421,0.0371,"{US,DE}",2024-03-27,2025-04-21,75000,0.0315
C0031,Show_131,Apex Studios,0.138,0.0393,"{JP,BR,CA,AU}",2023-05-16,2025-10-02,50000,0.0334
C0032,Music_141,NovaPic,0.1676,0.0246,"{UK,DE,BR,IN}",2023-10-30,2026-09-14,200000,0.0209
C0033,Show_298,StellarSound,0.167,0.0422,"{UK,IN}",2024-11-23,2027-10-09,150000,0.0359
C0034,Movie_497,GridMedia,0.1474,0.0259,"{CA,BR,US,UK}",2024-07-03,2025-09-26,200000,0.022
C0035,Music_125,NeonFilms,0.1255,0.0369,"{JP,CA,FR,AU,IN}",2023-01-26,2025-08-13,100000,0.0314
C0036,Movie_370,Apex Studios,0.1684,0.0325,"{CA,AU,JP}",2023-11-06,2026-06-23,200000,0.0276
C0037,Show_097,NovaPic,0.1208,0.0156,"{AU,CA,US,FR}",2024-07-04,2025-10-27,50000,0.0133
C0038,Show_221,StellarSound,0.1189,0.0248,"{UK,BR,JP,US,IN}",2024-09-22,2026-10-12,200000,0.0211
C0039,Movie_054,GridMedia,0.1739,0.0212,"{AU,FR,CA}",2024-01-07,2025-04-01,100000,0.018
C0040,Movie_427,NeonFilms,0.1781,0.0247,"{BR,DE}",2023-07-14,2024-10-06,100000,0.021
C0041,Movie_057,Apex Studios,0.1749,0.043,"{US,FR,BR}",2023-12-08,2025-06-30,50000,0.0365
C0042,Movie_265,NovaPic,0.1789,0.0415,"{FR,IN}",2024-08-23,2026-02-14,75000,0.0353
C0043,Show_273,StellarSound,0.1613,0.0193,"{DE,UK}",2023-05-14,2025-09-30,75000,0.0164
C0044,Movie_186,GridMedia,0.1051,0.017,"{US,JP,BR}",2023-09-01,2026-02-17,50000,0.0145
C0045,Movie_467,NeonFilms,0.1124,0.017,"{BR,CA,JP}",2023-03-07,2025-05-25,50000,0.0145
C0046,Show_290,Apex Studios,0.1248,0.0245,"{AU,IN}",2024-09-21,2025-10-16,200000,0.0208
C0047,Movie_175,NovaPic,0.1527,0.0464,"{AU,US,FR,IN}",2024-02-16,2026-03-07,200000,0.0394
C0048,Movie_151,StellarSound,0.1486,0.0296,"{CA,JP}",2024-09-14,2026-01-07,150000,0.0252
C0049,Show_242,GridMedia,0.0866,0.021,"{BR,DE,IN,AU}",2024-09-11,2026-10-01,200000,0.0179
C0050,Movie_114,NeonFilms,0.0899,0.0381,"{BR,AU,CA}",2024-02-28,2025-12-19,200000,0.0324
C0051,Movie_429,Apex Studios,0.1627,0.0259,"{BR,JP,AU,UK}",2024-01-19,2025-05-13,50000,0.022
C0052,Music_166,NovaPic,0.1487,0.029,"{CA,BR}",2023-04-09,2026-02-22,50000,0.0247
C0053,Movie_019,StellarSound,0.1539,0.0425,"{FR,JP}",2024-11-17,2026-02-10,200000,0.0361
C0054,Movie_190,GridMedia,0.1211,0.0449,"{DE,FR}",2023-12-27,2025-03-21,150000,0.0382
C0055,Movie_415,NeonFilms,0.1378,0.0185,"{CA,JP,BR}",2024-07-23,2026-06-13,150000,0.0157
C0056,Show_090,Apex Studios,0.0915,0.0211,"{FR,US,DE,JP,UK}",2023-01-30,2024-06-23,75000,0.0179
C0057,Show_167,NovaPic,0.1073,0.0405,"{US,UK,BR,CA}",2024-08-02,2027-04-19,100000,0.0344
C0058,Show_264,StellarSound,0.1201,0.0157,"{FR,IN}",2024-01-21,2026-02-09,50000,0.0133
C0059,Movie_222,GridMedia,0.1254,0.0163,"{CA,US,FR,BR}",2024-09-24,2025-10-19,100000,0.0139
C0060,Show_087,NeonFilms,0.1474,0.0209,"{AU,BR,UK,CA,DE}",2023-04-27,2025-03-17,150000,0.0178
C0061,Show_082,Apex Studios,0.123,0.0213,"{FR,DE,US,CA,IN}",2024-09-05,2025-09-30,200000,0.0181
C0062,Movie_300,NovaPic,0.0808,0.0221,"{DE,FR,UK}",2023-05-03,2024-04-27,75000,0.0188
C0063,Show_139,StellarSound,0.1297,0.0272,"{FR,IN,DE,BR,UK}",2023-03-15,2025-03-04,75000,0.0231
C0064,Movie_387,GridMedia,0.1662,0.0117,"{CA,JP,DE,IN,BR}",2024-02-19,2026-12-05,50000,0.0099
C0065,Movie_365,NeonFilms,0.144,0.0216,"{JP,UK}",2024-09-24,2026-11-13,150000,0.0184
C0066,Music_080,Apex Studios,0.1632,0.0468,"{CA,IN,AU,DE,BR}",2024-06-20,2025-08-14,50000,0.0398
C0067,Movie_335,NovaPic,0.1196,0.0224,"{JP,UK,US}",2024-06-06,2027-01-22,100000,0.019
C0068,Movie_017,StellarSound,0.0914,0.0304,"{UK,IN,US,CA}",2023-09-20,2025-03-13,100000,0.0258
C0069,Movie_203,GridMedia,0.0973,0.0161,"{AU,FR,BR}",2024-07-31,2027-07-16,50000,0.0137
C0070,Movie_002,NeonFilms,0.1379,0.0372,"{JP,UK,IN,US}",2024-04-25,2026-06-14,200000,0.0316
C0071,Movie_039,Apex Studios,0.1431,0.0419,"{JP,CA}",2023-11-14,2026-01-02,200000,0.0356
C0072,Movie_291,NovaPic,0.1252,0.0123,"{CA,BR}",2024-04-18,2026-10-05,100000,0.0105
C0073,Movie_494,StellarSound,0.1354,0.0417,"{IN,JP,DE,FR,BR}",2023-06-04,2024-06-28,50000,0.0354
C0074,Movie_248,GridMedia,0.1251,0.0424,"{FR,UK}",2023-02-10,2024-09-02,100000,0.036
C0075,Show_007,NeonFilms,0.1508,0.0496,"{JP,FR,UK}",2024-02-01,2026-02-20,200000,0.0422
C0076,Music_097,Apex Studios,0.1574,0.0372,"{CA,JP,US,DE}",2024-11-25,2026-11-15,50000,0.0316
C0077,Show_214,NovaPic,0.1084,0.0389,"{JP,CA,DE}",2024-11-10,2026-03-05,200000,0.0331
C0078,Music_092,StellarSound,0.1717,0.0224,"{CA,DE,AU}",2024-01-21,2026-09-07,150000,0.019
C0079,Movie_077,GridMedia,0.1592,0.0425,"{BR,JP}",2023-01-19,2024-12-09,200000,0.0361
C0080,Music_112,NeonFilms,0.1109,0.048,"{IN,FR,CA,BR,US}",2023-10-30,2025-01-22,100000,0.0408
C0081,Show_293,Apex Studios,0.1308,0.0316,"{JP,UK}",2024-09-03,2026-08-24,200000,0.0269
C0082,Show_009,NovaPic,0.0954,0.0172,"{AU,US,IN}",2024-01-09,2026-09-25,200000,0.0146
C0083,Movie_178,StellarSound,0.152,0.0488,"{AU,IN,DE,CA}",2023-11-13,2026-01-31,200000,0.0415
C0084,Music_043,GridMedia,0.1704,0.0178,"{AU,DE,BR,IN,FR}",2024-06-24,2026-07-14,200000,0.0151
C0085,Movie_201,NeonFilms,0.1766,0.0427,"{DE,US,JP}",2024-05-07,2026-03-28,200000,0.0363
C0086,Show_266,Apex Studios,0.1355,0.0141,"{DE,CA}",2023-06-14,2025-02-03,200000,0.012
C0087,Music_110,NovaPic,0.1249,0.0305,"{IN,AU}",2023-12-24,2024-12-18,150000,0.0259
C0088,Movie_294,StellarSound,0.1215,0.0259,"{BR,CA,UK}",2023-08-18,2024-08-12,100000,0.022
C0089,Show_039,GridMedia,0.1119,0.014,"{UK,US,FR}",2024-04-28,2027-02-12,100000,0.0119
C0090,Movie_025,NeonFilms,0.1631,0.0404,"{US,CA,FR,UK,AU}",2023-06-03,2025-10-20,150000,0.0343
C0091,Show_195,Apex Studios,0.174,0.0344,"{DE,IN}",2023-11-05,2025-01-28,150000,0.0292
C0092,Movie_211,NovaPic,0.0848,0.0268,"{CA,FR,BR,IN,DE}",2024-07-02,2025-06-27,200000,0.0228
C0093,Movie_425,StellarSound,0.1432,0.033,"{BR,US,DE,UK}",2023-09-04,2026-02-20,75000,0.0281
C0094,Show_029,GridMedia,0.1217,0.0366,"{CA,US,IN,BR}",2023-02-14,2025-10-01,50000,0.0311
C0095,Movie_035,NeonFilms,0.1187,0.0249,"{CA,JP,FR,AU}",2024-11-03,2027-06-21,50000,0.0212
C0096,Music_129,Apex Studios,0.0904,0.0333,"{US,JP,DE}",2023-12-13,2026-07-30,100000,0.0283
C0097,Movie_399,NovaPic,0.0975,0.0412,"{UK,FR,US,JP,IN}",2023-02-07,2024-10-29,150000,0.035
C0098,Show_108,StellarSound,0.1002,0.0416,"{DE,BR,AU,FR}",2024-04-29,2025-12-20,50000,0.0354
C0099,Movie_299,GridMedia,0.0837,0.0359,"{US,JP,UK,FR}",2024-01-12,2026-01-31,100000,0.0305
C0100,Music_049,NeonFilms,0.1689,0.0397,"{UK,AU,JP,IN}",2024-01-12,2026-05-01,150000,0.0337
C0101,Show_169,Apex Studios,0.1067,0.0133,"{BR,UK}",2024-07-12,2026-04-03,150000,0.0113
C0102,Movie_283,NovaPic,0.1121,0.0132,"{AU,BR,CA,JP}",2024-03-30,2026-02-18,100000,0.0112
C0103,Music_140,StellarSound,0.1247,0.0391,"{DE,US,AU,JP,IN}",2024-01-08,2026-04-27,100000,0.0332
C0104,Music_145,GridMedia,0.1601,0.0372,"{AU,US,CA}",2023-03-10,2024-09-30,50000,0.0316
C0105,Show_107,NeonFilms,0.1579,0.0247,"{UK,AU}",2024-01-15,2025-12-05,150000,0.021
C0106,Music_160,Apex Studios,0.1244,0.0131,"{BR,JP,AU,UK}",2023-09-13,2024-12-06,75000,0.0111
C0107,Music_135,NovaPic,0.0826,0.0174,"{FR,CA,UK,BR,IN}",2023-08-08,2026-02-23,200000,0.0148
C0108,Show_232,StellarSound,0.1086,0.0467,"{CA,UK,BR}",2023-03-17,2025-05-05,150000,0.0397
C0109,Movie_288,GridMedia,0.0973,0.0385,"{JP,CA,DE,BR}",2023-10-25,2025-07-16,50000,0.0327
C0110,Show_028,NeonFilms,0.1651,0.0385,"{FR,IN,US,CA}",2023-05-23,2024-12-13,75000,0.0327
C0111,Music_008,Apex Studios,0.159,0.0111,"{AU,UK,DE,US}",2023-03-09,2024-11-28,200000,0.0094
C0112,Movie_230,NovaPic,0.1198,0.0387,"{BR,CA,AU,UK,US}",2024-04-05,2026-05-25,150000,0.0329
C0113,Movie_437,StellarSound,0.148,0.0238,"{UK,BR,DE}",2023-02-26,2024-05-21,200000,0.0202
C0114,Movie_029,GridMedia,0.1318,0.0222,"{IN,JP,DE,UK}",2023-03-22,2024-11-11,75000,0.0189
C0115,Movie_375,NeonFilms,0.0996,0.0483,"{DE,CA,FR}",2024-10-18,2026-03-12,100000,0.0411
C0116,Music_020,Apex Studios,0.1392,0.0332,"{US,FR,AU,BR}",2024-10-18,2027-10-03,75000,0.0282
C0117,Movie_317,NovaPic,0.1377,0.036,"{US,AU,JP,DE,UK}",2024-10-19,2026-07-11,200000,0.0306
C0118,Show_061,StellarSound,0.1283,0.0422,"{AU,CA,JP,US}",2023-06-11,2025-07-30,150000,0.0359
C0119,Movie_242,GridMedia,0.1216,0.0286,"{JP,FR,AU}",2023-12-20,2025-12-09,100000,0.0243
C0120,Movie_150,NeonFilms,0.0931,0.0248,"{JP,IN}",2024-04-22,2025-07-16,200000,0.0211
C0121,Show_017,Apex Studios,0.1067,0.0199,"{DE,BR}",2024-09-22,2026-10-12,50000,0.0169
C0122,Movie_418,NovaPic,0.1048,0.0446,"{JP,IN,BR,CA}",2024-05-25,2026-09-12,75000,0.0379
C0123,Show_161,StellarSound,0.1267,0.0452,"{CA,BR}",2024-06-01,2026-07-21,150000,0.0384
C0124,Movie_199,GridMedia,0.1767,0.0186,"{US,DE}",2024-05-21,2026-12-07,100000,0.0158
C0125,Show_086,NeonFilms,0.1682,0.0362,"{FR,US,BR,AU}",2024-03-17,2025-07-10,150000,0.0308
C0126,Movie_326,Apex Studios,0.1682,0.0391,"{US,BR,FR,DE}",2024-07-29,2026-01-20,150000,0.0332
C0127,Music_024,NovaPic,0.1163,0.0215,"{FR,DE,BR,AU,JP}",2023-05-02,2024-08-24,150000,0.0183
C0128,Show_203,StellarSound,0.1775,0.0258,"{UK,IN,DE,BR}",2024-02-16,2026-06-05,100000,0.0219
C0129,Music_150,GridMedia,0.084,0.0116,"{FR,AU,CA,DE,JP}",2023-05-24,2025-03-14,100000,0.0099
C0130,Show_016,NeonFilms,0.1731,0.0227,"{JP,AU,FR,DE}",2023-11-03,2026-01-21,150000,0.0193
C0131,Music_065,Apex Studios,0.1616,0.0247,"{DE,US,FR,IN,UK}",2024-11-02,2027-10-18,50000,0.021
C0132,Music_037,NovaPic,0.1378,0.0191,"{UK,BR,CA,JP,AU}",2023-02-02,2025-07-21,50000,0.0162
C0133,Music_078,StellarSound,0.1748,0.0144,"{JP,BR,CA,IN,AU}",2024-02-25,2026-06-14,50000,0.0122
C0134,Movie_360,GridMedia,0.1575,0.0468,"{FR,IN,DE}",2023-11-29,2026-08-15,50000,0.0398
C0135,Show_095,NeonFilms,0.1278,0.0251,"{FR,JP,DE,UK,AU}",2024-09-16,2026-12-05,75000,0.0213
C0136,Show_289,Apex Studios,0.0992,0.0199,"{IN,DE,BR,UK}",2024-12-22,2026-06-15,200000,0.0169
C0137,Movie_189,NovaPic,0.149,0.0296,"{FR,DE,UK,US}",2024-08-10,2027-04-27,150000,0.0252
C0138,Movie_067,StellarSound,0.1343,0.0458,"{UK,DE,US,FR}",2023-03-22,2025-02-09,150000,0.0389
C0139,Movie_356,GridMedia,0.1724,0.0362,"{IN,DE,AU}",2024-12-13,2026-08-05,150000,0.0308
C0140,Show_300,NeonFilms,0.0937,0.0346,"{IN,US,JP}",2024-06-27,2026-01-18,200000,0.0294
C0141,Music_103,Apex Studios,0.1438,0.0121,"{AU,CA,JP,FR}",2023-01-06,2025-05-25,150000,0.0103
C0142,Music_121,NovaPic,0.1778,0.0163,"{IN,DE,UK,BR,US}",2023-04-02,2025-11-17,150000,0.0139
C0143,Music_143,StellarSound,0.1374,0.0314,"{BR,UK,US}",2024-02-11,2026-05-01,50000,0.0267
C0144,Movie_331,GridMedia,0.0986,0.04,"{US,DE}",2024-08-04,2027-02-20,100000,0.034
C0145,Show_228,NeonFilms,0.0907,0.0493,"{FR,AU,CA,DE,IN}",2023-10-07,2025-03-30,100000,0.0419
C0146,Movie_397,Apex Studios,0.1609,0.0232,"{UK,US,JP,FR}",2023-10-30,2026-04-17,150000,0.0197
C0147,Movie_464,NovaPic,0.1474,0.0177,"{BR,JP,US,IN,FR}",2023-07-09,2024-10-31,200000,0.015
C0148,Movie_394,StellarSound,0.1277,0.0474,"{BR,IN,AU,UK}",2023-12-04,2025-08-25,50000,0.0403
C0149,Movie_312,GridMedia,0.1382,0.0329,"{IN,US,JP,AU}",2024-04-21,2026-01-11,100000,0.028
C0150,Show_181,NeonFilms,0.096,0.0374,"{DE,JP}",2024-09-21,2026-04-14,100000,0.0318
C0151,Show_245,Apex Studios,0.1019,0.0153,"{JP,BR,FR,DE,IN}",2024-07-04,2027-03-21,75000,0.013
C0152,Music_122,NovaPic,0.1626,0.0405,"{FR,AU}",2024-06-24,2027-04-10,200000,0.0344
C0153,Movie_462,StellarSound,0.1162,0.0467,"{FR,IN}",2024-08-09,2026-12-27,50000,0.0397
C0154,Show_023,GridMedia,0.095,0.0231,"{CA,IN,JP,DE,AU}",2023-04-04,2025-07-22,200000,0.0196
C0155,Show_132,NeonFilms,0.1245,0.0122,"{AU,US,DE,IN,UK}",2023-01-23,2025-01-12,75000,0.0104
C0156,Movie_491,Apex Studios,0.1054,0.0101,"{US,BR}",2023-12-19,2026-10-04,75000,0.0086
C0157,Movie_196,NovaPic,0.0864,0.0498,"{US,DE,IN,CA,JP}",2024-10-18,2027-09-03,50000,0.0423
C0158,Movie_257,StellarSound,0.1446,0.0268,"{BR,FR,US,JP,DE}",2023-05-17,2026-01-01,150000,0.0228
C0159,Show_194,GridMedia,0.166,0.0147,"{FR,UK,JP,CA,US}",2023-01-24,2024-10-15,200000,0.0125
C0160,Show_241,NeonFilms,0.1263,0.0388,"{IN,FR,AU,UK,CA}",2023-10-10,2025-04-02,150000,0.033
C0161,Show_078,Apex Studios,0.1737,0.039,"{BR,US}",2023-09-04,2025-02-25,50000,0.0331
C0162,Movie_158,NovaPic,0.0867,0.0338,"{IN,US}",2024-02-16,2026-04-06,150000,0.0287
C0163,Show_113,StellarSound,0.1034,0.0187,"{FR,DE,CA}",2024-08-12,2026-06-03,50000,0.0159
C0164,Movie_393,GridMedia,0.1377,0.0409,"{DE,UK,JP}",2024-06-17,2026-01-08,100000,0.0348
C0165,Music_170,NeonFilms,0.1214,0.021,"{BR,AU,US}",2023-12-19,2026-08-05,200000,0.0179
C0166,Show_189,Apex Studios,0.1471,0.0414,"{BR,UK,AU,IN,CA}",2024-07-04,2026-09-22,100000,0.0352
C0167,Movie_362,NovaPic,0.1041,0.019,"{US,BR,IN,DE,JP}",2023-05-18,2025-05-07,75000,0.0161
C0168,Music_017,StellarSound,0.1043,0.0181,"{JP,CA,DE,FR,AU}",2023-02-22,2024-10-14,50000,0.0154
C0169,Movie_402,GridMedia,0.1177,0.0342,"{IN,FR}",2024-05-05,2025-10-27,50000,0.0291
C0170,Movie_093,NeonFilms,0.1669,0.0233,"{IN,CA,JP}",2024-05-05,2025-11-26,50000,0.0198
C0171,Music_118,Apex Studios,0.1496,0.0382,"{FR,JP,BR}",2023-10-17,2025-10-06,150000,0.0325
C0172,Movie_490,NovaPic,0.1266,0.0359,"{JP,AU,IN,US}",2024-04-25,2027-04-10,100000,0.0305
C0173,Movie_452,StellarSound,0.164,0.0466,"{BR,US,DE,CA}",2023-05-30,2024-05-24,100000,0.0396
C0174,Movie_252,GridMedia,0.1061,0.0474,"{DE,UK,CA,AU,BR}",2024-01-24,2026-07-12,200000,0.0403
C0175,Show_154,NeonFilms,0.1633,0.03,"{AU,FR,IN,CA}",2023-12-27,2025-05-20,100000,0.0255
C0176,Show_270,Apex Studios,0.094,0.0319,"{FR,US}",2023-03-18,2025-12-02,75000,0.0271
C0177,Show_171,NovaPic,0.0849,0.0103,"{CA,UK,US}",2023-08-12,2025-11-29,75000,0.0088
C0178,Movie_130,StellarSound,0.1256,0.0124,"{AU,US,FR,DE,JP}",2024-02-26,2025-02-20,200000,0.0105
C0179,Show_138,GridMedia,0.0817,0.0389,"{US,BR,AU,CA}",2023-04-20,2024-07-13,200000,0.0331
C0180,Music_192,NeonFilms,0.1324,0.0196,"{JP,DE,BR,IN}",2023-03-22,2025-02-09,200000,0.0167
C0181,Movie_343,Apex Studios,0.1759,0.0284,"{DE,CA,JP}",2024-10-27,2027-10-12,75000,0.0241
C0182,Movie_309,NovaPic,0.0832,0.0262,"{US,FR,JP,CA,AU}",2024-05-26,2026-06-15,150000,0.0223
C0183,Movie_137,StellarSound,0.1445,0.0233,"{IN,FR}",2024-12-09,2027-05-28,50000,0.0198
C0184,Movie_089,GridMedia,0.1276,0.0119,"{FR,US,CA,UK}",2023-01-17,2024-07-10,50000,0.0101
C0185,Movie_328,NeonFilms,0.1387,0.0401,"{DE,UK}",2024-07-31,2026-02-21,150000,0.0341
C0186,Movie_476,Apex Studios,0.1367,0.044,"{BR,UK,FR,JP}",2023-03-22,2025-07-09,200000,0.0374
C0187,Music_182,NovaPic,0.1545,0.0238,"{IN,CA,UK,DE,JP}",2024-09-01,2026-08-22,50000,0.0202
C0188,Music_051,StellarSound,0.1769,0.0231,"{AU,IN,UK,DE,FR}",2024-03-18,2025-08-10,100000,0.0196
C0189,Music_093,GridMedia,0.148,0.0364,"{IN,CA,US,UK}",2023-06-07,2025-05-27,50000,0.0309
C0190,Movie_376,NeonFilms,0.1512,0.0354,"{JP,CA,US,BR}",2023-11-12,2025-12-31,150000,0.0301
C0191,Movie_179,Apex Studios,0.116,0.0208,"{UK,BR}",2024-04-04,2026-08-22,75000,0.0177
C0192,Movie_027,NovaPic,0.1355,0.0263,"{JP,CA}",2024-09-03,2027-03-22,50000,0.0224
C0193,Movie_350,StellarSound,0.1584,0.0445,"{BR,FR,AU,US}",2024-07-26,2026-02-16,50000,0.0378
C0194,Movie_500,GridMedia,0.1372,0.0168,"{UK,DE,FR}",2023-10-02,2025-12-20,150000,0.0143
C0195,Movie_475,NeonFilms,0.0946,0.0167,"{DE,AU,BR,US,UK}",2023-09-15,2025-04-07,100000,0.0142
C0196,Show_118,Apex Studios,0.1521,0.0298,"{AU,CA,FR}",2023-11-08,2024-11-02,200000,0.0253
C0197,Show_198,NovaPic,0.1749,0.0233,"{JP,AU,UK,IN,DE}",2023-05-20,2025-02-08,200000,0.0198
C0198,Movie_051,StellarSound,0.1121,0.0479,"{JP,UK,IN,AU,FR}",2024-12-12,2027-07-30,75000,0.0407
C0199,Movie_212,GridMedia,0.1291,0.033,"{BR,DE,FR,IN}",2024-01-09,2025-04-03,75000,0.0281
C0200,Movie_382,NeonFilms,0.1732,0.018,"{FR,US,JP}",2024-04-17,2027-02-01,200000,0.0153
C0201,Music_084,Apex Studios,0.101,0.0419,"{AU,UK,JP,FR,CA}",2023-09-16,2026-06-02,50000,0.0356
C0202,Movie_174,NovaPic,0.0954,0.0269,"{AU,FR}",2024-08-19,2026-08-09,150000,0.0229
C0203,Movie_148,StellarSound,0.1334,0.0469,"{JP,CA}",2023-04-22,2026-04-06,150000,0.0399
C0204,Movie_420,GridMedia,0.1048,0.0366,"{BR,JP}",2024-03-16,2025-06-09,75000,0.0311
C0205,Music_162,NeonFilms,0.0811,0.0203,"{AU,JP,IN}",2024-04-19,2027-04-04,200000,0.0173
C0206,Movie_149,Apex Studios,0.148,0.0376,"{US,AU,FR,UK}",2024-03-01,2025-04-25,75000,0.032
C0207,Music_176,NovaPic,0.0916,0.0476,"{DE,JP,IN,CA}",2024-06-17,2026-09-05,75000,0.0405
C0208,Movie_080,StellarSound,0.1148,0.0139,"{CA,DE,US,JP}",2023-04-28,2024-04-22,150000,0.0118
C0209,Show_276,GridMedia,0.1649,0.0359,"{FR,UK,DE}",2023-06-13,2025-04-03,75000,0.0305
C0210,Movie_303,NeonFilms,0.136,0.0483,"{UK,FR,JP,BR,IN}",2024-02-10,2025-02-04,75000,0.0411
C0211,Music_196,Apex Studios,0.1537,0.0453,"{BR,US,JP,CA,FR}",2023-10-13,2026-09-27,150000,0.0385
C0212,Show_026,NovaPic,0.1504,0.0418,"{FR,UK}",2024-01-10,2025-10-31,200000,0.0355
C0213,Show_275,StellarSound,0.0997,0.0146,"{BR,FR,DE,US}",2023-12-23,2025-11-12,150000,0.0124
C0214,Movie_232,GridMedia,0.1646,0.0347,"{UK,JP}",2023-05-01,2024-11-21,100000,0.0295
C0215,Show_126,NeonFilms,0.1105,0.0173,"{BR,UK,DE,IN,JP}",2023-07-10,2025-09-27,75000,0.0147
C0216,Music_001,Apex Studios,0.1436,0.0377,"{AU,DE,CA}",2023-07-11,2025-05-01,75000,0.032
C0217,Show_062,NovaPic,0.1642,0.0348,"{AU,UK}",2023-07-19,2025-07-08,100000,0.0296
C0218,Show_010,StellarSound,0.1764,0.0302,"{AU,BR,JP,IN,FR}",2023-06-21,2024-08-14,150000,0.0257
C0219,Music_041,GridMedia,0.1365,0.0418,"{US,DE,CA,AU}",2023-10-23,2025-03-16,75000,0.0355
C0220,Movie_495,NeonFilms,0.1581,0.0326,"{CA,DE}",2024-07-10,2026-05-31,150000,0.0277
C0221,Movie_120,Apex Studios,0.1342,0.0403,"{BR,CA,JP}",2024-10-31,2027-10-16,150000,0.0343
C0222,Movie_478,NovaPic,0.1048,0.045,"{DE,JP,BR,US,IN}",2023-05-01,2026-04-15,50000,0.0382
C0223,Movie_145,StellarSound,0.1612,0.0184,"{BR,UK,DE,CA}",2023-07-31,2025-01-21,200000,0.0156
C0224,Movie_030,GridMedia,0.1605,0.0328,"{FR,UK,AU,JP}",2023-10-27,2025-07-18,200000,0.0279
C0225,Music_111,NeonFilms,0.1373,0.0481,"{UK,BR}",2023-03-02,2024-10-22,200000,0.0409
C0226,Movie_122,Apex Studios,0.1667,0.0151,"{UK,JP,BR}",2023-09-11,2026-08-26,75000,0.0128
C0227,Show_106,NovaPic,0.1644,0.0257,"{BR,FR,IN,US}",2024-10-10,2027-09-25,75000,0.0218
C0228,Movie_062,StellarSound,0.0893,0.0306,"{AU,FR,UK,DE}",2023-01-03,2025-12-18,100000,0.026
C0229,Music_072,GridMedia,0.1647,0.0137,"{CA,BR,FR,IN}",2023-08-05,2025-10-23,150000,0.0116
C0230,Show_073,NeonFilms,0.1069,0.0431,"{AU,JP,FR}",2023-02-19,2024-03-15,100000,0.0366
C0231,Movie_006,Apex Studios,0.09,0.0414,"{CA,UK}",2024-03-27,2026-05-16,150000,0.0352
C0232,Music_127,NovaPic,0.0801,0.0483,"{DE,UK,BR}",2023-10-08,2024-12-01,75000,0.0411
C0233,Show_140,StellarSound,0.1455,0.02,"{US,BR,JP}",2023-11-09,2026-09-24,100000,0.017
C0234,Movie_440,GridMedia,0.1499,0.0194,"{US,IN}",2024-05-03,2025-06-27,50000,0.0165
C0235,Show_230,NeonFilms,0.0933,0.019,"{US,JP}",2023-05-04,2025-05-23,150000,0.0161
C0236,Movie_194,Apex Studios,0.1494,0.0291,"{CA,FR,US,UK,JP}",2023-11-03,2025-02-25,75000,0.0247
C0237,Show_253,NovaPic,0.1183,0.0425,"{CA,US,DE}",2024-10-27,2026-03-21,75000,0.0361
C0238,Show_127,StellarSound,0.124,0.0389,"{AU,IN,US,BR,CA}",2023-05-07,2025-10-23,75000,0.0331
C0239,Show_072,GridMedia,0.153,0.0241,"{UK,IN,FR,JP}",2023-03-28,2024-10-18,150000,0.0205
C0240,Movie_018,NeonFilms,0.1353,0.034,"{US,DE,CA,AU}",2024-09-13,2027-01-01,200000,0.0289
C0241,Show_243,Apex Studios,0.0989,0.0257,"{AU,BR,US}",2023-09-04,2025-11-22,50000,0.0218
C0242,Music_115,NovaPic,0.1438,0.0128,"{JP,UK,IN,DE}",2024-03-06,2026-01-25,50000,0.0109
C0243,Show_011,StellarSound,0.1346,0.0169,"{US,CA}",2023-01-15,2024-09-06,150000,0.0144
C0244,Show_074,GridMedia,0.1016,0.0469,"{FR,BR,IN,JP}",2024-02-16,2025-04-11,150000,0.0399
C0245,Movie_139,NeonFilms,0.1441,0.0315,"{CA,DE,US,AU}",2023-07-28,2024-11-19,75000,0.0268
C0246,Movie_192,Apex Studios,0.1336,0.0256,"{BR,IN,US,CA}",2023-03-30,2025-04-18,50000,0.0218
C0247,Movie_005,NovaPic,0.0916,0.0345,"{UK,CA,US,JP}",2023-05-21,2026-03-06,50000,0.0293
C0248,Movie_444,StellarSound,0.0811,0.0299,"{UK,JP,CA,AU}",2023-10-03,2026-08-18,100000,0.0254
C0249,Movie_021,GridMedia,0.1686,0.0409,"{BR,DE,AU,US}",2023-09-27,2026-07-13,50000,0.0348
C0250,Movie_214,NeonFilms,0.1775,0.0351,"{FR,JP,US,IN,DE}",2023-06-20,2025-05-10,150000,0.0298
C0251,Movie_065,Apex Studios,0.0957,0.0409,"{IN,US}",2023-02-15,2024-02-10,200000,0.0348
C0252,Movie_412,NovaPic,0.1045,0.0289,"{UK,US,DE}",2024-11-02,2026-11-22,150000,0.0246
C0253,Movie_302,StellarSound,0.1025,0.0199,"{CA,JP,US,DE}",2024-11-20,2025-12-15,100000,0.0169
C0254,Movie_334,GridMedia,0.0979,0.0422,"{CA,AU,BR,UK,JP}",2023-12-02,2025-01-25,50000,0.0359
C0255,Movie_193,NeonFilms,0.1353,0.0103,"{DE,IN,AU,UK}",2024-08-28,2026-11-16,75000,0.0088
C0256,Show_165,Apex Studios,0.1798,0.041,"{UK,US,IN}",2023-01-25,2024-08-17,200000,0.0348
C0257,Movie_263,NovaPic,0.1342,0.0354,"{US,BR,AU,JP}",2023-11-11,2025-02-03,50000,0.0301
C0258,Show_148,StellarSound,0.1005,0.0493,"{US,UK,JP,AU,FR}",2023-02-14,2024-09-06,150000,0.0419
C0259,Music_011,GridMedia,0.1697,0.0308,"{CA,FR,DE,AU,IN}",2023-03-18,2025-09-03,100000,0.0262
C0260,Movie_233,NeonFilms,0.1368,0.0274,"{DE,FR,BR}",2023-11-19,2025-11-08,75000,0.0233
C0261,Show_296,Apex Studios,0.1501,0.0394,"{DE,IN,US,CA,JP}",2024-08-21,2025-11-14,100000,0.0335
C0262,Show_182,NovaPic,0.0955,0.0166,"{BR,CA,DE,UK}",2023-08-01,2025-09-19,150000,0.0141
C0263,Music_005,StellarSound,0.1108,0.0206,"{UK,DE}",2024-12-22,2027-10-08,50000,0.0175
C0264,Movie_483,GridMedia,0.1403,0.0186,"{CA,IN,UK}",2024-02-10,2026-05-30,100000,0.0158
C0265,Movie_361,NeonFilms,0.0849,0.022,"{BR,AU}",2024-07-23,2027-06-08,75000,0.0187
C0266,Music_039,Apex Studios,0.135,0.0138,"{CA,US,AU}",2023-08-16,2024-12-08,50000,0.0117
C0267,Movie_237,NovaPic,0.0998,0.026,"{CA,US,AU,FR}",2024-10-23,2026-12-12,50000,0.0221
C0268,Show_128,StellarSound,0.1609,0.0137,"{US,AU}",2023-02-21,2024-07-15,100000,0.0116
C0269,Music_158,GridMedia,0.1724,0.0273,"{US,BR,JP,IN,CA}",2023-12-29,2025-06-21,150000,0.0232
C0270,Show_083,NeonFilms,0.1708,0.021,"{US,IN,JP}",2023-10-30,2026-01-17,150000,0.0179
C0271,Movie_273,Apex Studios,0.1212,0.032,"{DE,BR}",2023-05-21,2025-06-09,50000,0.0272
C0272,Movie_202,NovaPic,0.0999,0.0454,"{FR,US,IN}",2024-12-31,2026-11-21,200000,0.0386
C0273,Movie_014,StellarSound,0.128,0.0413,"{BR,DE,CA,US}",2023-11-23,2026-06-10,100000,0.0351
C0274,Movie_428,GridMedia,0.1019,0.0458,"{AU,JP}",2024-08-21,2026-03-14,100000,0.0389
C0275,Movie_240,NeonFilms,0.1774,0.014,"{FR,US,BR,CA}",2024-08-12,2026-08-02,75000,0.0119
C0276,Movie_085,Apex Studios,0.1155,0.0436,"{IN,JP,BR}",2024-12-15,2026-11-05,75000,0.0371
C0277,Show_033,NovaPic,0.1714,0.0111,"{IN,AU,DE}",2023-11-13,2025-04-06,100000,0.0094
C0278,Movie_173,StellarSound,0.129,0.0136,"{US,AU,FR}",2023-12-06,2026-06-23,75000,0.0116
C0279,Movie_290,GridMedia,0.1001,0.0152,"{US,FR,CA,DE}",2024-12-22,2026-04-16,75000,0.0129
C0280,Movie_486,NeonFilms,0.1574,0.0439,"{JP,BR}",2024-08-23,2025-11-16,100000,0.0373
C0281,Movie_330,Apex Studios,0.1137,0.0229,"{AU,JP,CA,FR,DE}",2024-12-11,2027-06-29,75000,0.0195
C0282,Show_184,NovaPic,0.1587,0.0189,"{BR,DE,JP}",2024-12-06,2026-08-28,200000,0.0161
C0283,Movie_319,StellarSound,0.0927,0.0392,"{US,UK,DE,AU,BR}",2023-08-15,2026-04-01,200000,0.0333
C0284,Movie_455,GridMedia,0.1366,0.0475,"{CA,IN,UK,BR}",2023-06-21,2026-02-05,75000,0.0404
C0285,Movie_250,NeonFilms,0.1685,0.0135,"{US,DE,CA,BR,FR}",2023-12-25,2025-08-16,100000,0.0115
C0286,Music_047,Apex Studios,0.1587,0.0388,"{AU,BR,CA,IN,JP}",2024-01-23,2025-12-13,50000,0.033
C0287,Movie_280,NovaPic,0.1346,0.0141,"{UK,AU,US}",2023-02-04,2024-10-26,150000,0.012
C0288,Movie_456,StellarSound,0.082,0.0204,"{JP,UK}",2024-01-20,2025-06-13,50000,0.0173
C0289,Music_102,GridMedia,0.1532,0.0319,"{AU,US,IN,JP}",2023-06-18,2026-01-03,50000,0.0271
C0290,Show_262,NeonFilms,0.169,0.0163,"{IN,FR,AU,JP}",2024-07-21,2027-06-06,50000,0.0139
C0291,Show_048,Apex Studios,0.1726,0.0316,"{IN,CA,US,FR}",2024-08-08,2026-12-26,100000,0.0269
C0292,Movie_181,NovaPic,0.164,0.0161,"{BR,CA}",2023-10-29,2026-07-15,100000,0.0137
C0293,Show_058,StellarSound,0.1425,0.0292,"{IN,UK}",2024-10-15,2026-07-07,50000,0.0248
C0294,Show_129,GridMedia,0.1777,0.0289,"{BR,AU,IN,JP}",2023-09-29,2024-11-22,50000,0.0246
C0295,Movie_424,NeonFilms,0.1442,0.0255,"{JP,UK,IN,US,AU}",2024-03-26,2026-05-15,100000,0.0217
C0296,Music_044,Apex Studios,0.1063,0.0435,"{UK,CA}",2023-03-29,2025-12-13,200000,0.037
C0297,Movie_011,NovaPic,0.1144,0.0317,"{FR,US,BR}",2024-02-01,2026-05-21,200000,0.0269
C0298,Movie_200,StellarSound,0.1219,0.0314,"{AU,DE,US}",2024-02-09,2026-11-25,150000,0.0267
C0299,Movie_426,GridMedia,0.0835,0.0328,"{CA,AU,FR}",2023-06-21,2024-12-12,200000,0.0279
C0300,Show_035,NeonFilms,0.1608,0.015,"{BR,IN}",2024-10-04,2026-01-27,150000,0.0127
C0301,Movie_032,Apex Studios,0.1634,0.0203,"{BR,FR}",2024-07-19,2026-05-10,50000,0.0173
C0302,Show_080,NovaPic,0.1657,0.0308,"{CA,BR,FR,AU,DE}",2024-08-25,2027-02-11,50000,0.0262
C0303,Movie_405,StellarSound,0.1558,0.0476,"{DE,JP}",2024-02-25,2025-10-17,50000,0.0405
C0304,Movie_278,GridMedia,0.1183,0.0294,"{US,UK,AU,IN,CA}",2024-09-25,2027-04-13,200000,0.025
C0305,Movie_445,NeonFilms,0.1481,0.0261,"{IN,US,JP,FR}",2023-10-03,2025-08-23,150000,0.0222
C0306,Show_272,Apex Studios,0.082,0.0427,"{DE,AU,BR,JP}",2024-12-02,2026-02-25,100000,0.0363
C0307,Movie_373,NovaPic,0.1772,0.0191,"{JP,DE,FR,IN,AU}",2024-10-23,2025-12-17,100000,0.0162
C0308,Show_223,StellarSound,0.0988,0.0185,"{FR,JP,BR,US,DE}",2023-06-12,2024-08-05,150000,0.0157
C0309,Movie_401,GridMedia,0.1111,0.0303,"{UK,IN}",2023-07-25,2024-08-18,75000,0.0258
C0310,Movie_079,NeonFilms,0.1049,0.0283,"{DE,JP,BR}",2024-04-20,2026-08-08,100000,0.0241
C0311,Show_038,Apex Studios,0.1197,0.0469,"{JP,AU,DE}",2024-04-01,2025-08-24,50000,0.0399
C0312,Show_076,NovaPic,0.1761,0.029,"{JP,UK,BR,AU}",2024-12-06,2026-01-30,200000,0.0247
C0313,Show_049,StellarSound,0.1085,0.0255,"{IN,FR,JP}",2023-07-31,2025-03-22,75000,0.0217
C0314,Show_211,GridMedia,0.1452,0.0305,"{UK,FR,DE,US,CA}",2023-09-16,2026-04-03,50000,0.0259
C0315,Movie_042,NeonFilms,0.1605,0.0222,"{BR,JP,IN,UK,CA}",2024-04-22,2026-01-12,100000,0.0189
C0316,Music_086,Apex Studios,0.1477,0.043,"{US,JP}",2024-07-28,2027-03-15,150000,0.0365
C0317,Show_133,NovaPic,0.1394,0.0213,"{CA,JP,UK,AU,BR}",2023-10-11,2025-06-02,50000,0.0181
C0318,Music_059,StellarSound,0.1456,0.0481,"{UK,IN,US}",2024-09-06,2026-08-27,100000,0.0409
C0319,Movie_140,GridMedia,0.1461,0.0372,"{DE,FR,IN,BR,JP}",2023-02-06,2025-07-25,50000,0.0316
C0320,Movie_386,NeonFilms,0.1508,0.0329,"{IN,AU,JP,UK}",2024-06-03,2026-02-23,75000,0.028
C0321,Movie_457,Apex Studios,0.1645,0.0436,"{DE,CA,IN}",2023-05-12,2026-03-27,200000,0.0371
C0322,Music_133,NovaPic,0.1059,0.0423,"{CA,IN,UK,FR}",2023-11-11,2025-11-30,75000,0.036
C0323,Music_014,StellarSound,0.1588,0.0233,"{AU,CA,IN,US}",2024-10-11,2027-03-30,100000,0.0198
C0324,Movie_141,GridMedia,0.138,0.0348,"{FR,CA,BR}",2024-11-28,2026-11-18,150000,0.0296
C0325,Show_125,NeonFilms,0.133,0.0265,"{IN,JP,FR}",2024-08-06,2026-09-25,75000,0.0225
C0326,Movie_321,Apex Studios,0.0943,0.0445,"{AU,JP}",2024-10-08,2026-03-02,75000,0.0378
C0327,Show_209,NovaPic,0.1113,0.0123,"{IN,UK,DE,CA}",2024-05-16,2027-05-01,150000,0.0105
C0328,Movie_458,StellarSound,0.158,0.0152,"{BR,FR,IN,AU,US}",2023-02-08,2025-06-27,150000,0.0129
C0329,Music_074,GridMedia,0.0999,0.0249,"{FR,IN,US,JP}",2023-01-05,2025-08-22,50000,0.0212
C0330,Movie_327,NeonFilms,0.1534,0.0191,"{UK,CA,IN,DE}",2024-08-25,2026-05-17,100000,0.0162
C0331,Movie_127,Apex Studios,0.0967,0.043,"{AU,JP,IN,FR}",2023-05-18,2025-03-08,100000,0.0365
C0332,Movie_133,NovaPic,0.1796,0.0296,"{BR,US,CA}",2023-08-18,2026-07-03,75000,0.0252
C0333,Music_018,StellarSound,0.1785,0.0184,"{CA,JP,AU}",2024-10-28,2025-11-22,50000,0.0156
C0334,Movie_398,GridMedia,0.1175,0.0356,"{US,CA}",2024-10-31,2025-10-26,200000,0.0303
C0335,Music_116,NeonFilms,0.0848,0.0146,"{CA,DE,IN,JP,FR}",2023-07-30,2026-05-15,150000,0.0124
C0336,Music_194,Apex Studios,0.1486,0.0104,"{FR,DE}",2024-09-29,2027-04-17,150000,0.0088
C0337,Movie_416,NovaPic,0.1501,0.0268,"{DE,CA}",2023-04-19,2025-07-07,50000,0.0228
C0338,Show_096,StellarSound,0.0999,0.018,"{JP,BR,UK}",2023-06-14,2024-07-08,100000,0.0153
C0339,Movie_259,GridMedia,0.1348,0.0464,"{IN,US,AU,JP}",2023-04-02,2024-06-25,150000,0.0394
C0340,Movie_314,NeonFilms,0.1635,0.0368,"{FR,CA}",2023-04-14,2024-12-04,75000,0.0313
C0341,Movie_410,Apex Studios,0.1444,0.0283,"{AU,US,FR,CA}",2023-02-10,2024-11-01,100000,0.0241
C0342,Movie_163,NovaPic,0.116,0.0371,"{CA,US}",2023-01-10,2024-05-04,150000,0.0315
C0343,Movie_305,StellarSound,0.1463,0.0168,"{DE,CA,UK,BR,AU}",2023-04-27,2025-04-16,100000,0.0143
C0344,Movie_287,GridMedia,0.12,0.0283,"{BR,UK,US,CA,FR}",2023-06-13,2024-09-05,150000,0.0241
C0345,Show_145,NeonFilms,0.1216,0.0336,"{UK,BR,AU,FR,DE}",2023-01-30,2025-10-16,200000,0.0286
C0346,Show_136,Apex Studios,0.168,0.0391,"{AU,CA,IN,BR,US}",2023-03-06,2024-10-26,75000,0.0332
C0347,Movie_354,NovaPic,0.1455,0.0105,"{JP,CA,IN}",2024-11-08,2027-09-24,200000,0.0089
C0348,Movie_069,StellarSound,0.1049,0.0238,"{FR,US,AU}",2024-10-20,2026-03-14,150000,0.0202
C0349,Show_179,GridMedia,0.1306,0.0288,"{CA,AU,UK}",2023-09-04,2025-06-25,150000,0.0245
C0350,Music_034,NeonFilms,0.177,0.012,"{BR,IN,US,AU,JP}",2024-08-09,2026-09-28,75000,0.0102
C0351,Music_136,Apex Studios,0.0888,0.0299,"{AU,US}",2023-04-16,2025-04-05,100000,0.0254
C0352,Show_180,NovaPic,0.1212,0.0323,"{DE,IN}",2024-11-01,2027-07-19,50000,0.0275
C0353,Show_220,StellarSound,0.1256,0.0236,"{AU,JP,DE}",2024-09-26,2027-04-14,50000,0.0201
C0354,Movie_238,GridMedia,0.1273,0.0363,"{CA,IN}",2023-01-03,2024-10-24,150000,0.0309
C0355,Movie_266,NeonFilms,0.1155,0.0353,"{CA,US,FR,IN}",2023-05-24,2026-03-09,100000,0.03
C0356,Movie_091,Apex Studios,0.1543,0.0264,"{IN,CA,BR}",2024-02-07,2025-07-31,100000,0.0224
C0357,Music_036,NovaPic,0.1257,0.0413,"{BR,US}",2024-10-10,2027-06-27,100000,0.0351
C0358,Music_063,StellarSound,0.1389,0.0409,"{FR,UK,IN,US,DE}",2023-02-19,2025-07-08,150000,0.0348
C0359,Movie_055,GridMedia,0.1735,0.0436,"{UK,FR,US}",2024-02-01,2026-10-18,150000,0.0371
C0360,Show_158,NeonFilms,0.1401,0.0453,"{BR,IN,UK,AU,FR}",2023-10-29,2025-12-17,200000,0.0385
C0361,Music_144,Apex Studios,0.1605,0.0155,"{FR,JP,AU,BR}",2024-07-20,2027-03-07,200000,0.0132
C0362,Movie_407,NovaPic,0.1017,0.0184,"{UK,FR,DE,BR}",2024-12-11,2027-07-29,100000,0.0156
C0363,Movie_381,StellarSound,0.1122,0.0146,"{BR,DE,FR,IN,US}",2024-06-19,2025-09-12,100000,0.0124
C0364,Movie_125,GridMedia,0.0825,0.0158,"{DE,UK,AU}",2024-11-30,2026-07-23,50000,0.0134
C0365,Movie_492,NeonFilms,0.0946,0.0125,"{FR,US,UK}",2024-04-08,2025-07-02,100000,0.0106
C0366,Music_003,Apex Studios,0.1416,0.037,"{FR,BR,CA}",2024-06-07,2027-03-24,200000,0.0314
C0367,Music_101,NovaPic,0.1088,0.0366,"{BR,JP,DE,US,AU}",2023-09-15,2025-03-08,150000,0.0311
C0368,Movie_431,StellarSound,0.1421,0.0412,"{JP,IN,BR}",2023-07-18,2025-04-08,150000,0.035
C0369,Music_146,GridMedia,0.1249,0.0493,"{UK,CA,IN}",2023-02-11,2025-03-02,50000,0.0419
C0370,Show_204,NeonFilms,0.1079,0.0206,"{US,JP,IN,AU}",2023-06-08,2024-07-02,75000,0.0175
C0371,Movie_295,Apex Studios,0.0954,0.0229,"{AU,JP,US,FR}",2023-11-22,2026-03-11,50000,0.0195
C0372,Music_079,NovaPic,0.102,0.0174,"{BR,FR,US}",2023-12-24,2025-07-16,50000,0.0148
C0373,Movie_213,StellarSound,0.1683,0.0365,"{DE,IN,BR,FR}",2024-06-27,2026-09-15,100000,0.031
C0374,Music_119,GridMedia,0.1797,0.0429,"{JP,AU}",2023-09-04,2026-04-21,50000,0.0365
C0375,Movie_038,NeonFilms,0.1414,0.0348,"{BR,CA,IN,UK}",2024-07-07,2027-05-23,50000,0.0296
C0376,Music_061,Apex Studios,0.1083,0.0465,"{AU,US,UK,JP,CA}",2023-11-25,2026-03-14,100000,0.0395
C0377,Music_099,NovaPic,0.0882,0.0138,"{CA,IN}",2024-11-17,2027-07-05,200000,0.0117
C0378,Movie_126,StellarSound,0.1574,0.0446,"{IN,BR}",2024-10-24,2025-12-18,150000,0.0379
C0379,Movie_024,GridMedia,0.1547,0.0162,"{US,CA,FR,BR}",2023-07-02,2025-02-21,150000,0.0138
C0380,Music_040,NeonFilms,0.1358,0.033,"{BR,FR,IN,JP}",2024-02-19,2026-03-10,75000,0.0281
C0381,Music_177,Apex Studios,0.1116,0.0256,"{CA,US}",2024-12-18,2026-02-11,50000,0.0218
C0382,Movie_102,NovaPic,0.1158,0.0301,"{CA,DE,BR,IN}",2024-01-26,2026-01-15,100000,0.0256
C0383,Movie_116,StellarSound,0.1622,0.0112,"{UK,BR,AU}",2024-07-12,2026-04-03,75000,0.0095
C0384,Movie_436,GridMedia,0.176,0.0158,"{FR,UK}",2023-05-07,2024-05-31,100000,0.0134
C0385,Music_151,NeonFilms,0.0805,0.0339,"{DE,IN}",2023-12-19,2025-06-11,200000,0.0288
C0386,Movie_121,Apex Studios,0.1213,0.0358,"{UK,FR,CA}",2024-09-23,2026-05-16,200000,0.0304
C0387,Movie_385,NovaPic,0.0994,0.0173,"{FR,AU}",2024-10-22,2027-03-11,200000,0.0147
C0388,Movie_048,StellarSound,0.0873,0.0369,"{IN,AU}",2023-12-05,2025-10-25,100000,0.0314
C0389,Movie_172,GridMedia,0.0928,0.0362,"{CA,IN,UK,AU}",2024-04-06,2026-01-26,50000,0.0308
C0390,Movie_318,NeonFilms,0.1416,0.0222,"{JP,FR,IN}",2023-06-22,2024-06-16,200000,0.0189
C0391,Movie_325,Apex Studios,0.1113,0.0414,"{JP,UK,FR,BR}",2023-12-06,2026-02-23,150000,0.0352
C0392,Music_081,NovaPic,0.1263,0.0243,"{FR,CA,AU,JP,DE}",2023-03-25,2024-11-14,100000,0.0207
C0393,Movie_264,StellarSound,0.1659,0.0156,"{DE,CA,JP}",2023-03-19,2024-03-13,200000,0.0133
C0394,Movie_146,GridMedia,0.165,0.0353,"{IN,US,DE,UK,BR}",2024-07-06,2026-09-24,200000,0.03
C0395,Movie_044,NeonFilms,0.1454,0.0159,"{DE,UK,IN}",2024-05-28,2026-09-15,150000,0.0135
C0396,Show_005,Apex Studios,0.0891,0.0246,"{UK,FR,IN}",2023-06-13,2024-11-04,50000,0.0209
C0397,Movie_087,NovaPic,0.1366,0.0326,"{JP,US,CA,IN,BR}",2023-03-06,2024-10-26,75000,0.0277
C0398,Movie_377,StellarSound,0.1169,0.0117,"{BR,AU,IN,US}",2023-02-10,2025-09-27,75000,0.0099
C0399,Show_031,GridMedia,0.1124,0.0381,"{DE,UK,IN,JP}",2024-01-23,2025-12-13,200000,0.0324
C0400,Music_185,NeonFilms,0.1388,0.0459,"{BR,IN,DE,AU}",2023-12-28,2025-11-17,50000,0.039
C0401,Music_052,Apex Studios,0.1287,0.0293,"{FR,UK}",2024-03-26,2025-08-18,200000,0.0249
C0402,Movie_346,NovaPic,0.103,0.0306,"{UK,FR,CA}",2024-01-06,2026-07-24,100000,0.026
C0403,Movie_404,StellarSound,0.1517,0.0147,"{JP,CA,IN,FR,BR}",2024-05-05,2025-10-27,75000,0.0125
C0404,Movie_227,GridMedia,0.1391,0.0359,"{IN,US}",2023-05-11,2025-10-27,150000,0.0305
C0405,Music_188,NeonFilms,0.1392,0.0154,"{UK,US}",2023-06-20,2025-02-09,200000,0.0131
C0406,Movie_165,Apex Studios,0.1722,0.0307,"{DE,CA}",2023-08-10,2025-09-28,150000,0.0261
C0407,Movie_336,NovaPic,0.1407,0.0289,"{IN,BR,DE}",2023-05-27,2025-11-12,150000,0.0246
C0408,Show_101,StellarSound,0.162,0.0173,"{UK,JP,IN,DE}",2024-08-27,2025-10-21,200000,0.0147
C0409,Music_117,GridMedia,0.103,0.0254,"{IN,BR}",2023-06-03,2025-12-19,50000,0.0216
C0410,Movie_473,NeonFilms,0.0896,0.029,"{FR,CA}",2023-04-06,2025-06-24,200000,0.0247
C0411,Movie_448,Apex Studios,0.1459,0.0461,"{BR,FR}",2024-01-15,2025-02-08,200000,0.0392
C0412,Movie_108,NovaPic,0.1498,0.0272,"{JP,CA,IN,AU,UK}",2024-05-03,2027-04-18,150000,0.0231
C0413,Music_057,StellarSound,0.1033,0.0444,"{DE,IN,US,JP,BR}",2024-08-14,2026-12-02,100000,0.0377
C0414,Movie_156,GridMedia,0.0918,0.0103,"{BR,JP,US,CA}",2024-03-12,2026-10-28,75000,0.0088
C0415,Movie_459,NeonFilms,0.1385,0.0205,"{JP,DE,FR,IN,CA}",2024-02-28,2026-07-17,200000,0.0174
C0416,Movie_281,Apex Studios,0.1584,0.0293,"{DE,FR,AU,UK,IN}",2023-05-22,2026-02-05,100000,0.0249
C0417,Movie_208,NovaPic,0.0919,0.0192,"{IN,BR}",2023-12-13,2026-05-01,75000,0.0163
C0418,Movie_155,StellarSound,0.1414,0.0374,"{BR,US,FR}",2023-04-04,2024-07-27,50000,0.0318
C0419,Show_088,GridMedia,0.1272,0.034,"{DE,IN}",2024-01-15,2025-03-10,50000,0.0289
C0420,Show_258,NeonFilms,0.1409,0.039,"{US,UK,JP,IN}",2024-03-25,2025-03-20,150000,0.0331
C0421,Music_186,Apex Studios,0.1002,0.0363,"{IN,US,BR,DE}",2024-06-06,2026-09-24,200000,0.0309
C0422,Movie_384,NovaPic,0.1498,0.0346,"{IN,US,CA,AU}",2023-10-10,2026-09-24,50000,0.0294
C0423,Music_002,StellarSound,0.1199,0.0368,"{FR,US,JP}",2024-12-21,2026-02-14,150000,0.0313
C0424,Show_149,GridMedia,0.1719,0.032,"{JP,DE,CA,AU}",2023-07-19,2025-09-06,200000,0.0272
C0425,Music_007,NeonFilms,0.173,0.033,"{BR,CA,DE}",2023-03-16,2025-07-03,100000,0.0281
C0426,Show_037,Apex Studios,0.1094,0.0479,"{FR,DE,JP,IN}",2024-01-22,2026-07-10,200000,0.0407
C0427,Show_004,NovaPic,0.1284,0.0197,"{AU,US,IN,FR,UK}",2023-03-11,2025-02-28,100000,0.0167
C0428,Show_238,StellarSound,0.1434,0.0498,"{BR,JP,DE,FR}",2023-01-10,2025-10-26,75000,0.0423
C0429,Show_060,GridMedia,0.1632,0.0199,"{JP,CA,DE,AU,IN}",2023-11-18,2025-10-08,50000,0.0169
C0430,Show_045,NeonFilms,0.1019,0.0329,"{AU,IN,CA}",2023-09-05,2025-04-27,75000,0.028
C0431,Movie_357,Apex Studios,0.1007,0.0181,"{UK,CA,US,BR}",2024-11-23,2027-08-10,75000,0.0154
C0432,Movie_207,NovaPic,0.1293,0.0103,"{AU,JP}",2024-09-27,2026-07-19,200000,0.0088
C0433,Music_089,StellarSound,0.1292,0.0494,"{AU,UK,BR,DE}",2023-10-14,2025-10-03,200000,0.042
C0434,Show_112,GridMedia,0.1022,0.0331,"{AU,US,DE,UK,IN}",2024-12-03,2027-11-18,50000,0.0281
C0435,Show_212,NeonFilms,0.0975,0.0491,"{JP,US,AU,FR,CA}",2024-01-24,2026-07-12,200000,0.0417
C0436,Show_032,Apex Studios,0.0901,0.0245,"{FR,DE,CA}",2023-10-03,2025-12-21,100000,0.0208
C0437,Movie_260,NovaPic,0.1759,0.0237,"{BR,IN,AU,JP,UK}",2024-01-09,2025-12-29,75000,0.0201
C0438,Movie_154,StellarSound,0.108,0.0172,"{CA,DE,BR}",2023-08-30,2026-01-16,75000,0.0146
C0439,Music_053,GridMedia,0.1232,0.0252,"{AU,US,CA}",2024-03-07,2026-05-26,75000,0.0214
C0440,Movie_064,NeonFilms,0.0934,0.0457,"{AU,DE,UK,FR}",2024-08-04,2025-08-29,200000,0.0388
C0441,Movie_435,Apex Studios,0.1198,0.0376,"{DE,AU,BR}",2024-10-06,2025-12-30,50000,0.032
C0442,Movie_340,NovaPic,0.125,0.0234,"{FR,DE,UK,US}",2024-02-26,2025-05-21,100000,0.0199
C0443,Show_014,StellarSound,0.1151,0.0372,"{FR,UK,BR}",2023-10-19,2025-09-08,200000,0.0316
C0444,Show_249,GridMedia,0.1125,0.0304,"{BR,DE}",2024-04-19,2026-12-05,150000,0.0258
C0445,Movie_488,NeonFilms,0.1757,0.0447,"{BR,CA,US,AU,UK}",2023-08-22,2025-06-12,100000,0.038
C0446,Show_025,Apex Studios,0.1117,0.0217,"{DE,AU,BR,UK,FR}",2024-06-17,2026-08-06,100000,0.0184
C0447,Music_094,NovaPic,0.1214,0.0174,"{IN,DE,JP}",2024-12-18,2027-11-03,50000,0.0148
C0448,Music_153,StellarSound,0.088,0.0167,"{CA,AU}",2024-07-15,2025-08-09,50000,0.0142
C0449,Movie_187,GridMedia,0.0826,0.0259,"{DE,UK}",2023-03-28,2025-11-12,50000,0.022
C0450,Show_174,NeonFilms,0.1732,0.0256,"{DE,AU,JP}",2023-05-10,2024-09-01,75000,0.0218
C0451,Movie_344,Apex Studios,0.1327,0.0168,"{JP,AU,IN,DE}",2023-10-06,2026-02-22,50000,0.0143
C0452,Movie_378,NovaPic,0.1245,0.0488,"{AU,BR,DE}",2024-10-17,2027-06-04,200000,0.0415
C0453,Music_104,StellarSound,0.1334,0.0464,"{CA,AU,UK}",2024-01-10,2026-01-29,150000,0.0394
C0454,Movie_369,GridMedia,0.106,0.0221,"{JP,DE,IN}",2024-07-01,2025-06-26,50000,0.0188
C0455,Show_069,NeonFilms,0.1488,0.0297,"{US,BR,AU,UK}",2024-09-03,2026-03-27,150000,0.0252
C0456,Movie_276,Apex Studios,0.1597,0.0319,"{FR,BR,IN,CA,JP}",2024-10-23,2026-10-13,75000,0.0271
C0457,Show_191,NovaPic,0.1628,0.0188,"{IN,DE,UK,JP,AU}",2023-10-03,2025-10-22,50000,0.016
C0458,Movie_267,StellarSound,0.0988,0.0127,"{CA,AU,DE,IN}",2023-10-06,2026-07-22,75000,0.0108
C0459,Show_283,GridMedia,0.1423,0.0175,"{US,FR,CA}",2023-04-15,2025-01-04,50000,0.0149
C0460,Music_138,NeonFilms,0.1069,0.0386,"{CA,UK,US}",2024-05-20,2025-11-11,50000,0.0328
C0461,Show_034,Apex Studios,0.1142,0.0225,"{AU,US,UK,FR}",2023-05-30,2024-06-23,150000,0.0191
C0462,Movie_023,NovaPic,0.1067,0.0257,"{UK,IN,BR,FR,AU}",2023-01-13,2024-04-07,200000,0.0218
C0463,Show_043,StellarSound,0.1775,0.0386,"{IN,US,CA,FR,AU}",2024-06-17,2027-03-04,150000,0.0328
C0464,Movie_098,GridMedia,0.1782,0.0289,"{UK,US,JP,DE}",2024-06-17,2025-09-10,100000,0.0246
C0465,Movie_296,NeonFilms,0.1053,0.0355,"{US,IN,FR,CA}",2024-10-10,2026-10-30,75000,0.0302
C0466,Movie_461,Apex Studios,0.1125,0.0167,"{BR,IN}",2023-01-10,2024-02-04,100000,0.0142
C0467,Movie_198,NovaPic,0.1381,0.0376,"{JP,CA,AU}",2023-06-11,2025-08-29,200000,0.032
C0468,Show_208,StellarSound,0.0891,0.0347,"{JP,UK}",2024-12-19,2027-05-08,50000,0.0295
C0469,Movie_262,GridMedia,0.1591,0.015,"{FR,JP,BR,IN}",2023-07-17,2024-07-11,75000,0.0127
C0470,Movie_311,NeonFilms,0.1489,0.0243,"{US,AU,JP,IN}",2024-07-26,2026-04-17,75000,0.0207
C0471,Music_180,Apex Studios,0.1343,0.0296,"{FR,JP,UK}",2024-04-24,2025-12-15,200000,0.0252
C0472,Movie_161,NovaPic,0.1668,0.0339,"{CA,UK,IN}",2023-10-30,2025-06-21,200000,0.0288
C0473,Movie_403,StellarSound,0.1342,0.0282,"{UK,US,DE,FR,BR}",2023-09-02,2025-06-23,200000,0.024
C0474,Show_040,GridMedia,0.1521,0.0363,"{IN,AU,BR,DE,CA}",2024-09-19,2026-06-11,200000,0.0309
C0475,Movie_177,NeonFilms,0.1123,0.0356,"{FR,CA}",2023-02-14,2024-06-08,50000,0.0303
C0476,Show_227,Apex Studios,0.0979,0.0113,"{IN,CA,US,DE,FR}",2024-11-04,2027-01-23,50000,0.0096
C0477,Show_294,NovaPic,0.1326,0.0381,"{JP,IN}",2024-09-12,2027-06-29,100000,0.0324
C0478,Music_019,StellarSound,0.0871,0.0472,"{CA,AU,BR,JP,US}",2024-01-05,2026-05-24,75000,0.0401
C0479,Show_279,GridMedia,0.1543,0.0456,"{DE,US}",2023-03-14,2024-12-03,100000,0.0388
C0480,Show_257,NeonFilms,0.0878,0.0186,"{CA,IN}",2024-06-28,2026-06-18,200000,0.0158
C0481,Movie_298,Apex Studios,0.0989,0.031,"{FR,BR,JP}",2023-04-19,2026-04-03,75000,0.0263
C0482,Movie_092,NovaPic,0.1439,0.0243,"{CA,UK,BR,FR,DE}",2024-02-16,2026-06-05,150000,0.0207
C0483,Music_130,StellarSound,0.1138,0.0163,"{JP,FR,DE,UK,AU}",2024-02-27,2027-02-11,200000,0.0139
C0484,Movie_450,GridMedia,0.1433,0.043,"{FR,IN,AU}",2024-07-17,2027-06-02,100000,0.0365
C0485,Show_146,NeonFilms,0.1054,0.0485,"{US,FR,UK,DE,AU}",2024-06-14,2025-10-07,150000,0.0412
C0486,Movie_015,Apex Studios,0.1793,0.0221,"{IN,JP,US}",2024-12-07,2026-07-30,100000,0.0188
C0487,Movie_481,NovaPic,0.1719,0.0305,"{CA,US,IN}",2023-12-31,2025-04-24,200000,0.0259
C0488,Music_197,StellarSound,0.0938,0.0247,"{IN,DE,BR}",2023-11-04,2024-12-28,200000,0.021
C0489,Music_069,GridMedia,0.137,0.0328,"{JP,AU}",2023-06-27,2025-09-14,75000,0.0279
C0490,Movie_432,NeonFilms,0.1626,0.0376,"{DE,US}",2024-08-13,2026-08-03,200000,0.032
C0491,Show_196,Apex Studios,0.0878,0.0122,"{BR,FR,AU,US}",2023-08-21,2026-07-06,100000,0.0104
C0492,Show_003,NovaPic,0.1453,0.0341,"{US,DE,AU,FR,UK}",2024-07-06,2026-12-23,50000,0.029
C0493,Movie_261,StellarSound,0.095,0.0301,"{US,BR,IN}",2024-09-01,2027-02-18,75000,0.0256
C0494,Movie_329,GridMedia,0.1305,0.0189,"{UK,FR,AU,US,IN}",2024-08-08,2027-06-24,100000,0.0161
C0495,Movie_180,NeonFilms,0.0849,0.026,"{FR,BR,AU,JP,CA}",2023-05-19,2025-08-06,50000,0.0221
C0496,Show_065,Apex Studios,0.1359,0.0295,"{FR,IN,CA}",2023-03-15,2024-11-04,200000,0.0251
C0497,Movie_396,NovaPic,0.1577,0.0229,"{CA,BR}",2024-03-09,2026-01-28,200000,0.0195
C0498,Movie_496,StellarSound,0.1148,0.0228,"{DE,UK}",2023-12-25,2026-07-12,200000,0.0194
C0499,Movie_036,GridMedia,0.1622,0.0421,"{AU,US,BR}",2023-08-28,2025-02-18,200000,0.0358
C0500,Movie_443,NeonFilms,0.1485,0.0162,"{US,IN}",2024-09-27,2026-01-20,50000,0.0138
C0501,Music_128,Apex Studios,0.1669,0.0428,"{CA,DE,IN,BR}",2023-01-24,2024-11-14,50000,0.0364
C0502,Show_160,NovaPic,0.1009,0.0315,"{FR,AU,DE,JP}",2023-05-25,2026-03-10,75000,0.0268
C0503,Show_137,StellarSound,0.1499,0.0107,"{DE,UK}",2023-03-03,2024-11-22,200000,0.0091
C0504,Movie_099,GridMedia,0.1001,0.0379,"{AU,US}",2023-03-10,2025-02-27,100000,0.0322
C0505,Movie_338,NeonFilms,0.146,0.0365,"{US,DE}",2024-10-26,2026-10-16,100000,0.031
C0506,Movie_013,Apex Studios,0.1031,0.0252,"{AU,CA,FR,BR}",2024-05-27,2026-07-16,50000,0.0214
C0507,Show_185,NovaPic,0.1361,0.0385,"{FR,DE,UK}",2024-05-16,2026-05-06,50000,0.0327
C0508,Movie_117,StellarSound,0.1544,0.0107,"{DE,IN,FR,UK}",2023-03-05,2025-10-20,100000,0.0091
C0509,Movie_447,GridMedia,0.1058,0.0255,"{IN,UK,AU,FR}",2024-11-03,2026-02-26,50000,0.0217
C0510,Movie_408,NeonFilms,0.0888,0.0253,"{BR,IN,DE}",2023-06-06,2025-06-25,200000,0.0215
C0511,Music_016,Apex Studios,0.1771,0.0464,"{FR,UK,CA,JP,BR}",2024-08-17,2027-01-04,100000,0.0394
C0512,Movie_313,NovaPic,0.1484,0.0181,"{FR,UK,IN,CA}",2024-11-02,2027-04-21,75000,0.0154
C0513,Movie_359,StellarSound,0.1717,0.0227,"{UK,JP}",2023-05-30,2026-04-14,200000,0.0193
C0514,Movie_472,GridMedia,0.0829,0.0227,"{DE,AU,JP,BR,UK}",2023-06-05,2026-05-20,150000,0.0193
C0515,Movie_205,NeonFilms,0.0988,0.0153,"{IN,FR,CA,JP}",2023-01-27,2024-12-17,50000,0.013
C0516,Movie_228,Apex Studios,0.0879,0.0412,"{JP,UK,BR,IN,FR}",2024-04-30,2025-08-23,75000,0.035
C0517,Movie_482,NovaPic,0.0964,0.0191,"{DE,BR}",2023-08-16,2026-07-01,150000,0.0162
C0518,Movie_040,StellarSound,0.1471,0.0181,"{UK,AU}",2024-09-23,2026-12-12,75000,0.0154
C0519,Movie_392,GridMedia,0.1488,0.0447,"{BR,US,DE,JP,IN}",2023-11-17,2025-11-06,75000,0.038
C0520,Movie_111,NeonFilms,0.1412,0.0397,"{FR,CA}",2024-04-07,2026-05-27,200000,0.0337
C0521,Music_033,Apex Studios,0.1627,0.0117,"{US,BR,DE,JP,FR}",2023-07-14,2025-04-04,75000,0.0099
C0522,Music_013,NovaPic,0.124,0.0454,"{UK,BR,FR,DE,US}",2024-12-07,2027-03-27,100000,0.0386
C0523,Music_163,StellarSound,0.1704,0.0285,"{FR,CA}",2023-07-04,2026-06-18,150000,0.0242
C0524,Movie_422,GridMedia,0.1385,0.0458,"{BR,FR,UK}",2024-04-06,2025-04-01,200000,0.0389
C0525,Movie_341,NeonFilms,0.0979,0.0336,"{CA,DE,UK,JP,FR}",2023-05-07,2024-06-30,75000,0.0286
C0526,Movie_184,Apex Studios,0.0914,0.028,"{FR,BR}",2024-06-07,2026-12-24,100000,0.0238
C0527,Music_198,NovaPic,0.175,0.0251,"{UK,JP}",2024-08-02,2027-04-19,150000,0.0213
C0528,Movie_423,StellarSound,0.1663,0.0165,"{US,BR,UK}",2023-11-13,2026-09-28,75000,0.014
C0529,Movie_182,GridMedia,0.1569,0.0279,"{UK,IN}",2023-01-04,2025-07-22,75000,0.0237
C0530,Music_105,NeonFilms,0.1565,0.0105,"{FR,US,DE,IN,CA}",2023-08-11,2026-01-27,150000,0.0089
C0531,Music_062,Apex Studios,0.1459,0.0281,"{US,IN}",2024-07-14,2026-03-06,150000,0.0239
C0532,Show_150,NovaPic,0.142,0.0323,"{UK,FR}",2023-02-26,2025-10-13,75000,0.0275
C0533,Show_246,StellarSound,0.1149,0.0158,"{JP,CA,US,BR}",2024-03-02,2025-07-25,50000,0.0134
C0534,Show_201,GridMedia,0.0961,0.0214,"{AU,JP,US}",2023-04-06,2026-03-21,200000,0.0182
C0535,Movie_106,NeonFilms,0.1099,0.0247,"{BR,CA}",2023-10-27,2026-01-14,150000,0.021
C0536,Music_120,Apex Studios,0.0935,0.0378,"{FR,BR,DE,CA}",2024-12-13,2026-06-06,100000,0.0321
C0537,Show_152,NovaPic,0.1412,0.0144,"{AU,DE}",2024-03-13,2026-09-29,200000,0.0122
C0538,Movie_367,StellarSound,0.1648,0.0204,"{UK,AU,DE,JP}",2024-10-09,2026-12-28,200000,0.0173
C0539,Show_120,GridMedia,0.1293,0.0172,"{DE,IN,US}",2023-05-02,2024-04-26,200000,0.0146
C0540,Music_106,NeonFilms,0.1265,0.0419,"{BR,US,UK,FR,DE}",2024-10-14,2026-04-07,75000,0.0356
C0541,Movie_316,Apex Studios,0.0811,0.018,"{CA,DE,UK,AU}",2024-07-17,2026-05-08,100000,0.0153
C0542,Movie_043,NovaPic,0.1567,0.0146,"{BR,US,FR,CA}",2023-07-18,2025-05-08,100000,0.0124
C0543,Movie_131,StellarSound,0.1634,0.0469,"{US,UK,IN,CA,BR}",2024-07-03,2026-04-24,150000,0.0399
C0544,Movie_441,GridMedia,0.1262,0.0426,"{JP,US,CA,DE}",2024-12-02,2026-09-23,50000,0.0362
C0545,Movie_152,NeonFilms,0.16,0.0455,"{UK,DE}",2023-02-01,2024-11-22,100000,0.0387
C0546,Show_089,Apex Studios,0.1784,0.0351,"{UK,CA,BR,FR,JP}",2024-12-27,2026-01-21,75000,0.0298
C0547,Movie_037,NovaPic,0.1071,0.0135,"{AU,DE,CA,FR}",2023-11-06,2025-03-30,75000,0.0115
C0548,Movie_153,StellarSound,0.0912,0.0414,"{AU,US}",2024-05-09,2026-08-27,75000,0.0352
C0549,Show_177,GridMedia,0.0954,0.0236,"{JP,UK,BR,US}",2024-06-12,2027-02-27,150000,0.0201
C0550,Music_161,NeonFilms,0.1793,0.0182,"{BR,CA,US,UK,FR}",2024-12-04,2027-06-22,50000,0.0155
C0551,Show_102,Apex Studios,0.1672,0.0233,"{FR,DE}",2023-01-24,2025-07-12,50000,0.0198
C0552,Movie_438,NovaPic,0.1558,0.0356,"{IN,FR,UK,BR}",2024-06-29,2026-04-20,75000,0.0303
C0553,Movie_453,StellarSound,0.1573,0.0368,"{UK,DE,US}",2023-01-16,2025-08-03,100000,0.0313
C0554,Show_286,GridMedia,0.136,0.0141,"{FR,JP,UK,CA}",2024-12-22,2026-09-13,200000,0.012
C0555,Movie_269,NeonFilms,0.1374,0.0169,"{FR,AU,US,CA}",2023-01-30,2025-04-19,100000,0.0144
C0556,Movie_134,Apex Studios,0.1703,0.012,"{CA,BR}",2024-02-06,2025-06-30,150000,0.0102
C0557,Movie_342,NovaPic,0.1505,0.0457,"{DE,JP,BR,CA}",2024-12-31,2027-12-16,150000,0.0388
C0558,Music_004,StellarSound,0.1471,0.0313,"{CA,AU,US}",2024-04-11,2026-01-01,150000,0.0266
C0559,Movie_046,GridMedia,0.1484,0.0384,"{IN,FR,CA,DE,UK}",2024-01-08,2025-12-28,150000,0.0326
C0560,Movie_284,NeonFilms,0.0983,0.0467,"{AU,FR,US,BR}",2024-05-01,2025-07-25,100000,0.0397
C0561,Show_153,Apex Studios,0.1151,0.0284,"{JP,UK,DE,US}",2024-02-20,2026-12-06,75000,0.0241
C0562,Music_149,NovaPic,0.1597,0.023,"{FR,AU,IN,DE}",2024-02-28,2025-09-20,50000,0.0195
C0563,Movie_053,StellarSound,0.1421,0.0319,"{CA,JP,FR,AU,DE}",2024-03-17,2026-04-06,150000,0.0271
C0564,Music_022,GridMedia,0.1367,0.0237,"{CA,AU,US}",2024-08-29,2027-03-17,75000,0.0201
C0565,Show_280,NeonFilms,0.1263,0.0322,"{DE,BR,US}",2024-09-04,2025-11-28,150000,0.0274
C0566,Music_178,Apex Studios,0.1486,0.0339,"{AU,US,FR,CA}",2023-05-23,2025-11-08,150000,0.0288
C0567,Show_100,NovaPic,0.1703,0.0354,"{UK,AU,DE}",2023-10-26,2025-10-15,50000,0.0301
C0568,Movie_209,StellarSound,0.1416,0.0279,"{DE,FR,IN,JP}",2023-12-19,2025-02-11,75000,0.0237
C0569,Movie_352,GridMedia,0.1383,0.0345,"{UK,DE,US,FR,AU}",2023-02-24,2024-02-19,200000,0.0293
C0570,Movie_216,NeonFilms,0.1503,0.0428,"{DE,US}",2023-08-29,2025-09-17,100000,0.0364
C0571,Movie_289,Apex Studios,0.1502,0.0258,"{BR,FR,IN,DE,CA}",2024-11-09,2026-04-03,100000,0.0219
C0572,Movie_279,NovaPic,0.1275,0.0175,"{BR,UK,AU,JP}",2023-05-09,2024-08-31,150000,0.0149
C0573,Music_154,StellarSound,0.0812,0.0359,"{BR,UK,US,CA,IN}",2024-04-11,2027-01-26,75000,0.0305
C0574,Music_021,GridMedia,0.1404,0.027,"{FR,BR,DE,IN,JP}",2023-12-30,2025-07-22,75000,0.0229
C0575,Movie_110,NeonFilms,0.0986,0.0342,"{IN,DE,FR,AU,JP}",2024-01-11,2025-02-04,200000,0.0291
C0576,Movie_119,Apex Studios,0.1778,0.0327,"{AU,CA}",2023-05-26,2026-04-10,100000,0.0278
C0577,Music_142,NovaPic,0.1531,0.0493,"{FR,CA,DE,BR,US}",2023-09-09,2025-11-27,100000,0.0419
C0578,Movie_138,StellarSound,0.1431,0.0365,"{US,JP,DE,FR}",2024-04-25,2026-06-14,50000,0.031
C0579,Movie_107,GridMedia,0.1313,0.0288,"{JP,DE,UK,CA,US}",2024-12-12,2027-06-30,100000,0.0245
C0580,Movie_307,NeonFilms,0.1549,0.0391,"{US,AU,DE,CA}",2024-08-09,2025-09-03,200000,0.0332
C0581,Music_173,Apex Studios,0.1456,0.0217,"{DE,AU}",2023-03-26,2024-07-18,200000,0.0184
C0582,Movie_009,NovaPic,0.1306,0.0441,"{UK,DE,FR,BR}",2023-01-15,2025-11-30,100000,0.0375
C0583,Music_023,StellarSound,0.0912,0.017,"{AU,JP,BR}",2023-06-29,2025-02-18,200000,0.0145
C0584,Movie_310,GridMedia,0.1583,0.0194,"{JP,CA}",2023-05-29,2025-12-14,75000,0.0165
C0585,Show_057,NeonFilms,0.1734,0.0162,"{BR,IN,JP,AU,CA}",2023-08-04,2026-01-20,150000,0.0138
C0586,Show_244,Apex Studios,0.1534,0.0238,"{US,UK}",2024-04-20,2026-04-10,100000,0.0202
C0587,Show_135,NovaPic,0.1276,0.0291,"{BR,FR,IN}",2023-09-26,2025-01-18,200000,0.0247
C0588,Movie_292,StellarSound,0.133,0.0274,"{BR,JP,DE,AU,US}",2023-04-10,2025-08-27,100000,0.0233
C0589,Movie_379,GridMedia,0.1437,0.0482,"{JP,DE,UK,US}",2023-09-19,2026-05-06,150000,0.041
C0590,Music_090,NeonFilms,0.1384,0.0284,"{FR,JP,AU}",2024-12-07,2026-05-01,75000,0.0241
C0591,Show_130,Apex Studios,0.1113,0.0104,"{US,BR}",2023-04-11,2025-07-29,50000,0.0088
C0592,Movie_358,NovaPic,0.0904,0.0278,"{DE,IN,US,BR}",2024-09-26,2025-11-20,75000,0.0236
C0593,Show_213,StellarSound,0.0857,0.0338,"{CA,FR}",2024-09-11,2026-01-04,75000,0.0287
C0594,Show_121,GridMedia,0.1176,0.0406,"{CA,UK,AU}",2023-10-29,2025-12-17,200000,0.0345
C0595,Show_019,NeonFilms,0.146,0.013,"{BR,JP,UK,CA}",2023-03-17,2024-11-06,150000,0.011
C0596,Show_163,Apex Studios,0.1577,0.0253,"{DE,FR}",2023-07-02,2025-08-20,100000,0.0215
C0597,Show_051,NovaPic,0.0869,0.0492,"{UK,AU,US,CA,DE}",2024-03-17,2025-09-08,75000,0.0418
C0598,Movie_076,StellarSound,0.1414,0.0142,"{CA,US,AU,BR}",2024-08-08,2027-06-24,150000,0.0121
C0599,Movie_103,GridMedia,0.1051,0.0278,"{US,FR,JP}",2024-02-04,2025-09-26,150000,0.0236
C0600,Show_077,NeonFilms,0.0952,0.0232,"{FR,AU}",2024-05-04,2026-05-24,150000,0.0197
C0601,Music_058,Apex Studios,0.1204,0.0391,"{US,BR,JP}",2024-05-08,2025-08-01,50000,0.0332
C0602,Movie_010,NovaPic,0.1367,0.0474,"{DE,BR,US,JP}",2024-10-24,2025-12-18,100000,0.0403
C0603,Movie_075,StellarSound,0.1165,0.0441,"{AU,DE}",2024-10-25,2026-04-18,100000,0.0375
C0604,Music_152,GridMedia,0.0977,0.0116,"{DE,BR,US}",2024-10-07,2027-07-24,150000,0.0099
C0605,Movie_469,NeonFilms,0.1159,0.0134,"{UK,US,CA}",2023-01-26,2025-12-11,150000,0.0114
C0606,Movie_308,Apex Studios,0.1796,0.0195,"{FR,DE}",2024-05-26,2026-10-13,150000,0.0166
C0607,Movie_135,NovaPic,0.1765,0.0425,"{JP,US}",2023-12-12,2026-10-27,50000,0.0361
C0608,Music_060,StellarSound,0.0843,0.0147,"{FR,UK,JP,DE,CA}",2023-03-15,2024-04-08,200000,0.0125
C0609,Music_085,GridMedia,0.1535,0.0296,"{US,IN,JP,BR,CA}",2023-01-15,2024-06-08,50000,0.0252
C0610,Movie_245,NeonFilms,0.1433,0.0462,"{UK,CA,BR,US,JP}",2024-05-24,2026-12-10,50000,0.0393
C0611,Show_142,Apex Studios,0.1599,0.0188,"{JP,BR,UK,US,DE}",2024-07-12,2025-11-04,75000,0.016
C0612,Movie_210,NovaPic,0.1122,0.0486,"{UK,JP}",2023-03-06,2024-05-29,75000,0.0413
C0613,Movie_268,StellarSound,0.1074,0.0403,"{FR,UK,IN,CA}",2024-08-18,2025-09-12,75000,0.0343
C0614,Music_071,GridMedia,0.0933,0.0416,"{UK,US,IN,AU,JP}",2023-01-08,2024-06-01,200000,0.0354
C0615,Show_036,NeonFilms,0.1726,0.0383,"{BR,AU,JP,CA}",2023-07-31,2024-11-22,200000,0.0326
C0616,Show_079,Apex Studios,0.144,0.0309,"{UK,US,DE}",2023-07-04,2026-04-19,150000,0.0263
C0617,Music_046,NovaPic,0.13,0.048,"{BR,US,DE,CA}",2023-07-16,2024-10-08,100000,0.0408
C0618,Music_169,StellarSound,0.1787,0.0491,"{FR,IN,AU,JP}",2024-11-06,2026-04-30,200000,0.0417
C0619,Movie_084,GridMedia,0.1076,0.0177,"{AU,UK,CA,JP,US}",2023-02-25,2025-10-12,75000,0.015
C0620,Movie_041,NeonFilms,0.1164,0.0184,"{AU,US,FR,JP}",2023-02-23,2025-07-12,100000,0.0156
C0621,Show_109,Apex Studios,0.0976,0.0414,"{CA,IN}",2024-03-31,2026-09-17,150000,0.0352
C0622,Show_093,NovaPic,0.138,0.0268,"{CA,JP,FR}",2023-04-11,2024-11-01,100000,0.0228
C0623,Music_054,StellarSound,0.1538,0.0448,"{CA,AU,DE}",2024-05-11,2025-06-05,150000,0.0381
C0624,Show_084,GridMedia,0.169,0.0158,"{UK,BR,FR,CA,IN}",2023-07-18,2026-03-04,200000,0.0134
C0625,Movie_123,NeonFilms,0.1159,0.0208,"{US,FR,UK}",2023-05-20,2024-08-12,100000,0.0177
C0626,Movie_414,Apex Studios,0.1652,0.0283,"{IN,DE,AU,CA}",2024-10-15,2027-05-03,75000,0.0241
C0627,Movie_241,NovaPic,0.1706,0.0331,"{CA,BR,AU}",2024-06-18,2026-09-06,200000,0.0281
C0628,Show_224,StellarSound,0.1662,0.0187,"{DE,US,JP,IN,CA}",2023-09-11,2025-07-02,150000,0.0159
C0629,Show_110,GridMedia,0.1234,0.0189,"{US,BR,FR}",2023-02-11,2025-05-01,200000,0.0161
C0630,Show_267,NeonFilms,0.1533,0.0302,"{AU,CA,IN,BR,FR}",2023-03-27,2025-08-13,150000,0.0257
C0631,Movie_191,Apex Studios,0.1553,0.0377,"{UK,JP,FR}",2023-09-02,2026-04-19,150000,0.032
C0632,Movie_083,NovaPic,0.1799,0.0106,"{AU,US,IN}",2024-04-19,2027-04-04,100000,0.009
C0633,Show_021,StellarSound,0.0939,0.0381,"{AU,US,BR,JP}",2023-03-14,2025-03-03,75000,0.0324
C0634,Music_077,GridMedia,0.1693,0.0233,"{BR,DE,JP,AU}",2024-07-09,2026-12-26,50000,0.0198
C0635,Music_006,NeonFilms,0.1594,0.0415,"{US,JP,FR,BR}",2024-01-28,2025-12-18,50000,0.0353
C0636,Show_284,Apex Studios,0.1265,0.0116,"{FR,CA,DE}",2024-12-27,2027-12-12,100000,0.0099
C0637,Show_015,NovaPic,0.1005,0.0493,"{AU,IN}",2023-08-19,2025-06-09,75000,0.0419
C0638,Movie_489,StellarSound,0.1153,0.0207,"{US,CA,UK,BR}",2024-04-08,2026-06-27,150000,0.0176
C0639,Music_048,GridMedia,0.1301,0.0432,"{AU,JP,BR,FR}",2024-12-10,2026-02-03,150000,0.0367
C0640,Show_173,NeonFilms,0.0988,0.0454,"{BR,UK}",2023-10-23,2024-12-16,50000,0.0386
C0641,Movie_059,Apex Studios,0.0909,0.021,"{UK,IN,DE,JP,US}",2023-10-28,2025-11-16,75000,0.0179
C0642,Movie_322,NovaPic,0.177,0.0317,"{JP,BR,IN,FR,US}",2023-10-26,2025-04-18,75000,0.0269
C0643,Show_192,StellarSound,0.0863,0.0449,"{BR,JP,AU,FR}",2023-12-01,2026-02-18,75000,0.0382
C0644,Show_056,GridMedia,0.1393,0.0379,"{AU,DE,FR,CA,UK}",2023-06-25,2025-02-14,200000,0.0322
C0645,Show_094,NeonFilms,0.1027,0.0249,"{UK,JP}",2023-10-19,2025-12-07,100000,0.0212
C0646,Music_038,Apex Studios,0.1756,0.0347,"{UK,FR,BR,JP}",2024-12-10,2027-08-27,75000,0.0295
C0647,Movie_223,NovaPic,0.1594,0.0165,"{JP,UK}",2024-03-27,2025-11-17,50000,0.014
C0648,Movie_304,StellarSound,0.117,0.0182,"{JP,UK,AU,IN}",2024-07-06,2025-11-28,50000,0.0155
C0649,Show_217,GridMedia,0.1334,0.0149,"{AU,UK,IN,FR,CA}",2023-01-05,2025-11-20,50000,0.0127
C0650,Movie_159,NeonFilms,0.1346,0.0303,"{DE,UK,BR,FR,IN}",2023-12-13,2026-09-28,100000,0.0258
C0651,Movie_499,Apex Studios,0.0912,0.0292,"{FR,CA,UK}",2023-01-26,2025-01-15,50000,0.0248
C0652,Show_070,NovaPic,0.1418,0.0188,"{JP,US}",2024-09-14,2027-05-02,100000,0.016
C0653,Music_098,StellarSound,0.0995,0.0311,"{US,CA,DE}",2024-04-01,2026-12-17,100000,0.0264
C0654,Movie_293,GridMedia,0.1472,0.0135,"{IN,AU,UK,DE,JP}",2024-06-07,2025-07-02,200000,0.0115
C0655,Movie_466,NeonFilms,0.1708,0.0244,"{JP,BR,UK,US,AU}",2023-12-20,2025-11-09,75000,0.0207
C0656,Music_189,Apex Studios,0.1108,0.0278,"{IN,AU}",2024-03-01,2026-04-20,200000,0.0236
C0657,Movie_400,NovaPic,0.1089,0.0422,"{UK,CA,AU,BR,FR}",2024-05-01,2026-08-19,150000,0.0359
C0658,Movie_003,StellarSound,0.1787,0.0126,"{CA,US,IN,JP,UK}",2024-02-29,2025-07-23,200000,0.0107
C0659,Music_087,GridMedia,0.1356,0.0384,"{UK,BR,FR}",2024-07-21,2026-10-09,75000,0.0326
C0660,Movie_169,NeonFilms,0.0842,0.043,"{AU,FR,CA,US}",2023-01-03,2024-04-27,200000,0.0365
C0661,Show_226,Apex Studios,0.1063,0.0482,"{DE,BR}",2023-07-03,2025-09-20,150000,0.041
C0662,Music_070,NovaPic,0.1707,0.0358,"{DE,AU}",2023-03-10,2025-09-25,50000,0.0304
C0663,Movie_219,StellarSound,0.1546,0.0332,"{DE,AU,JP,US,UK}",2024-06-08,2027-04-24,200000,0.0282
C0664,Movie_493,GridMedia,0.1375,0.0438,"{UK,JP}",2024-04-17,2027-02-01,75000,0.0372
C0665,Show_216,NeonFilms,0.0935,0.0165,"{BR,JP,US,UK}",2023-10-26,2026-02-12,100000,0.014
C0666,Show_252,Apex Studios,0.1439,0.0131,"{CA,UK,DE}",2023-11-27,2025-09-17,75000,0.0111
C0667,Movie_171,NovaPic,0.1627,0.0374,"{JP,CA,DE,BR}",2023-12-27,2025-04-20,100000,0.0318
C0668,Movie_243,StellarSound,0.0813,0.0307,"{BR,JP,CA,US,FR}",2023-06-08,2025-09-25,100000,0.0261
C0669,Music_181,GridMedia,0.1021,0.0175,"{BR,AU}",2023-03-20,2024-06-12,200000,0.0149
C0670,Movie_016,NeonFilms,0.1619,0.0469,"{DE,JP,CA,IN}",2024-09-03,2026-12-22,150000,0.0399
C0671,Show_054,Apex Studios,0.1564,0.0237,"{CA,IN}",2023-05-12,2026-02-25,100000,0.0201
C0672,Show_168,NovaPic,0.0942,0.0191,"{UK,CA,IN}",2024-12-08,2027-11-23,75000,0.0162
C0673,Movie_052,StellarSound,0.1584,0.0131,"{US,IN,FR,BR,DE}",2024-08-30,2025-09-24,150000,0.0111
C0674,Music_190,GridMedia,0.1269,0.0463,"{DE,US}",2023-04-09,2024-07-02,50000,0.0394
C0675,Show_064,NeonFilms,0.172,0.0182,"{JP,US,AU}",2023-05-30,2026-04-14,75000,0.0155
C0676,Movie_454,Apex Studios,0.1742,0.048,"{UK,IN,DE,BR}",2023-03-11,2024-06-03,100000,0.0408
C0677,Movie_078,NovaPic,0.162,0.0405,"{IN,DE,CA}",2024-07-04,2025-06-29,200000,0.0344
C0678,Movie_256,StellarSound,0.1774,0.0139,"{JP,UK,IN,FR,US}",2023-07-05,2025-05-25,75000,0.0118
C0679,Music_113,GridMedia,0.1781,0.027,"{BR,CA,FR}",2023-11-18,2025-02-10,200000,0.0229
C0680,Show_218,NeonFilms,0.1266,0.0308,"{DE,US,AU,UK}",2024-05-20,2025-08-13,150000,0.0262
C0681,Movie_188,Apex Studios,0.1185,0.0283,"{IN,BR,UK,FR,CA}",2023-03-13,2025-05-31,100000,0.0241
C0682,Music_030,NovaPic,0.1739,0.0247,"{CA,BR,IN,DE,US}",2023-05-03,2024-08-25,50000,0.021
C0683,Movie_144,StellarSound,0.1195,0.0378,"{CA,JP,FR}",2023-12-13,2025-06-05,50000,0.0321
C0684,Music_167,GridMedia,0.1395,0.0496,"{BR,AU,UK}",2024-12-31,2027-12-16,50000,0.0422
C0685,Music_015,NeonFilms,0.1382,0.0209,"{AU,BR,IN,DE}",2023-10-13,2025-02-04,150000,0.0178
C0686,Show_206,Apex Studios,0.1568,0.0143,"{AU,IN,JP,CA,US}",2023-04-12,2026-02-25,100000,0.0122
C0687,Music_124,NovaPic,0.0853,0.0127,"{BR,JP,CA}",2023-11-07,2026-05-25,50000,0.0108
C0688,Movie_255,StellarSound,0.1423,0.0404,"{AU,IN,UK,JP,FR}",2024-05-17,2026-09-04,200000,0.0343
C0689,Movie_112,GridMedia,0.1062,0.0237,"{US,BR}",2023-05-02,2025-04-21,200000,0.0201
C0690,Movie_348,NeonFilms,0.125,0.0441,"{US,FR,CA,DE,UK}",2024-12-24,2026-05-18,150000,0.0375
C0691,Movie_413,Apex Studios,0.1291,0.0154,"{CA,AU,JP,DE,BR}",2024-08-08,2026-10-27,150000,0.0131
C0692,Movie_063,NovaPic,0.1276,0.0442,"{BR,DE}",2024-05-21,2026-11-07,200000,0.0376
C0693,Movie_101,StellarSound,0.1771,0.0347,"{JP,US,AU,DE}",2023-02-16,2024-06-10,100000,0.0295
C0694,Show_162,GridMedia,0.1637,0.024,"{JP,BR}",2023-04-10,2025-04-29,200000,0.0204
C0695,Show_170,NeonFilms,0.1145,0.0243,"{IN,FR}",2023-08-29,2026-04-15,100000,0.0207
C0696,Show_190,Apex Studios,0.1112,0.0134,"{CA,JP,FR,US}",2024-07-05,2026-04-26,50000,0.0114
C0697,Movie_056,NovaPic,0.0837,0.0363,"{DE,US,JP,IN,FR}",2023-01-23,2024-11-13,150000,0.0309
C0698,Movie_479,StellarSound,0.1178,0.0256,"{AU,CA}",2024-12-08,2027-08-25,200000,0.0218
C0699,Movie_421,GridMedia,0.1006,0.0299,"{DE,JP,IN}",2023-07-26,2025-10-13,100000,0.0254
C0700,Show_256,NeonFilms,0.1435,0.049,"{DE,FR,US}",2023-11-01,2026-04-19,50000,0.0416
C0701,Movie_363,Apex Studios,0.1202,0.019,"{JP,DE}",2023-03-10,2025-08-26,50000,0.0161
C0702,Movie_442,NovaPic,0.1601,0.029,"{CA,DE,AU,UK}",2024-03-19,2026-12-04,75000,0.0247
C0703,Show_175,StellarSound,0.134,0.018,"{FR,AU,JP,DE}",2023-07-04,2024-06-28,150000,0.0153
C0704,Music_147,GridMedia,0.1428,0.0306,"{IN,AU,UK,JP,DE}",2024-09-21,2027-09-06,75000,0.026
C0705,Movie_097,NeonFilms,0.1707,0.0474,"{JP,AU,CA}",2023-09-04,2024-12-27,50000,0.0403
C0706,Movie_195,Apex Studios,0.1546,0.0406,"{JP,CA,FR,AU,IN}",2023-10-01,2025-06-22,150000,0.0345
C0707,Movie_417,NovaPic,0.1446,0.0203,"{BR,IN,US}",2023-06-03,2024-11-24,200000,0.0173
C0708,Show_210,StellarSound,0.0828,0.0419,"{AU,BR,IN,JP,US}",2023-07-26,2024-12-17,100000,0.0356
C0709,Movie_249,GridMedia,0.1073,0.0112,"{US,AU,BR}",2023-01-21,2024-02-15,100000,0.0095
C0710,Movie_485,NeonFilms,0.166,0.0134,"{CA,BR,UK,JP}",2024-11-04,2025-12-29,200000,0.0114
C0711,Show_091,Apex Studios,0.1197,0.0436,"{CA,FR,DE}",2024-11-11,2027-04-30,75000,0.0371
C0712,Show_085,NovaPic,0.175,0.0473,"{CA,IN,DE,US,UK}",2023-12-04,2026-05-22,100000,0.0402
C0713,Movie_136,StellarSound,0.1537,0.0422,"{IN,UK,US,CA,JP}",2023-10-09,2025-11-27,75000,0.0359
C0714,Show_254,GridMedia,0.1208,0.0445,"{FR,JP,AU,US,UK}",2024-07-12,2026-08-01,50000,0.0378
C0715,Movie_220,NeonFilms,0.1275,0.0199,"{JP,AU,FR}",2024-01-12,2025-10-03,100000,0.0169
C0716,Show_268,Apex Studios,0.0821,0.0487,"{US,IN}",2023-09-17,2026-02-03,200000,0.0414
C0717,Show_186,NovaPic,0.1185,0.0356,"{FR,IN}",2024-03-29,2026-03-19,100000,0.0303
C0718,Movie_286,StellarSound,0.0808,0.0484,"{CA,IN,UK,FR}",2023-06-14,2025-08-02,100000,0.0411
C0719,Movie_244,GridMedia,0.1431,0.0452,"{DE,CA}",2024-05-18,2026-08-06,150000,0.0384
C0720,Show_027,NeonFilms,0.1537,0.0471,"{CA,UK,JP,AU,DE}",2023-03-09,2025-01-27,100000,0.04
C0721,Show_229,Apex Studios,0.1221,0.0392,"{AU,US,BR,FR}",2024-10-18,2027-06-05,200000,0.0333
C0722,Movie_339,NovaPic,0.0984,0.0277,"{BR,IN}",2024-10-05,2026-06-27,75000,0.0235
C0723,Music_073,StellarSound,0.1114,0.0133,"{FR,UK,BR}",2024-08-31,2027-05-18,75000,0.0113
C0724,Movie_070,GridMedia,0.121,0.0476,"{UK,DE,CA,JP,AU}",2023-12-02,2025-08-23,150000,0.0405
C0725,Music_075,NeonFilms,0.0999,0.0266,"{BR,IN,US,FR,DE}",2024-10-24,2027-05-12,75000,0.0226
C0726,Movie_061,Apex Studios,0.1427,0.0463,"{DE,UK,US}",2024-02-15,2026-09-02,150000,0.0394
C0727,Show_147,NovaPic,0.1229,0.0204,"{UK,CA,US,JP}",2024-06-22,2026-07-12,50000,0.0173
C0728,Show_225,StellarSound,0.1573,0.0471,"{IN,FR}",2023-07-15,2025-03-06,150000,0.04
C0729,Movie_073,GridMedia,0.1088,0.0298,"{IN,FR,BR,UK,CA}",2024-03-04,2025-07-27,75000,0.0253
C0730,Movie_008,NeonFilms,0.1209,0.0158,"{IN,AU,CA,UK}",2024-08-19,2027-05-06,100000,0.0134
C0731,Music_168,Apex Studios,0.1447,0.0134,"{JP,BR,FR}",2023-08-06,2026-05-22,150000,0.0114
C0732,Show_235,NovaPic,0.1183,0.0269,"{CA,FR,DE,US}",2023-02-23,2024-12-14,200000,0.0229
C0733,Movie_236,StellarSound,0.1731,0.0288,"{US,DE}",2024-05-31,2026-12-17,100000,0.0245
C0734,Show_068,GridMedia,0.1181,0.0491,"{FR,US,DE}",2023-07-03,2025-02-22,100000,0.0417
C0735,Show_103,NeonFilms,0.097,0.0297,"{UK,CA,FR,JP,DE}",2024-03-19,2025-07-12,100000,0.0252
C0736,Movie_022,Apex Studios,0.106,0.0225,"{DE,JP,IN,UK,AU}",2024-09-19,2027-09-04,75000,0.0191
C0737,Movie_347,NovaPic,0.1727,0.0307,"{JP,AU,BR}",2023-06-04,2025-10-21,150000,0.0261
C0738,Music_028,StellarSound,0.1653,0.0363,"{IN,UK}",2023-02-25,2024-09-17,150000,0.0309
C0739,Movie_231,GridMedia,0.0983,0.0288,"{BR,CA,IN,US,FR}",2024-01-01,2026-10-17,75000,0.0245
C0740,Movie_254,NeonFilms,0.1361,0.0283,"{CA,JP,US}",2023-07-28,2025-04-18,50000,0.0241
C0741,Movie_124,Apex Studios,0.0981,0.0167,"{IN,US,DE,BR}",2023-07-04,2025-07-23,200000,0.0142
C0742,Movie_463,NovaPic,0.172,0.0198,"{JP,US}",2023-10-19,2026-07-05,150000,0.0168
C0743,Show_030,StellarSound,0.1781,0.0149,"{JP,UK}",2023-01-30,2024-03-25,100000,0.0127
C0744,Movie_449,GridMedia,0.126,0.0383,"{DE,US,UK,AU,FR}",2024-04-08,2026-01-28,150000,0.0326
C0745,Music_032,NeonFilms,0.1747,0.05,"{IN,US,BR}",2024-10-21,2026-07-13,200000,0.0425
C0746,Music_172,Apex Studios,0.1123,0.0122,"{CA,BR,UK,FR,JP}",2024-02-13,2025-04-08,50000,0.0104
C0747,Show_188,NovaPic,0.0821,0.0183,"{DE,UK,US,AU,IN}",2024-03-18,2027-02-01,150000,0.0156
C0748,Music_045,StellarSound,0.1606,0.0224,"{JP,CA,BR}",2024-01-12,2026-05-01,200000,0.019
C0749,Movie_320,GridMedia,0.1,0.0278,"{DE,BR,US,IN,UK}",2024-09-20,2026-02-12,150000,0.0236
C0750,Show_231,NeonFilms,0.1234,0.027,"{AU,IN,JP,BR}",2024-12-31,2026-04-25,50000,0.0229
C0751,Movie_206,Apex Studios,0.1731,0.0311,"{DE,AU}",2024-03-23,2025-05-17,200000,0.0264
C0752,Show_207,NovaPic,0.1707,0.0291,"{DE,IN,FR}",2024-03-13,2025-12-03,75000,0.0247
C0753,Music_139,StellarSound,0.1369,0.032,"{FR,BR}",2024-02-27,2025-05-22,50000,0.0272
C0754,Show_285,GridMedia,0.1265,0.0388,"{DE,CA,BR,FR}",2023-01-17,2024-04-11,100000,0.033
C0755,Music_067,NeonFilms,0.1541,0.0285,"{US,CA,IN,JP,UK}",2023-11-18,2026-05-06,75000,0.0242
C0756,Movie_434,Apex Studios,0.1524,0.0403,"{JP,UK,CA,BR}",2023-03-22,2026-02-04,150000,0.0343
C0757,Show_122,NovaPic,0.1782,0.0204,"{FR,US,AU,IN,BR}",2023-01-14,2024-06-07,50000,0.0173
C0758,Show_041,StellarSound,0.1456,0.0284,"{DE,JP,AU,BR,IN}",2023-11-06,2024-12-30,150000,0.0241
C0759,Music_056,GridMedia,0.0925,0.0106,"{IN,US}",2023-08-03,2025-10-21,50000,0.009
C0760,Movie_170,NeonFilms,0.1449,0.036,"{CA,DE,BR}",2024-04-19,2025-08-12,150000,0.0306
C0761,Show_063,Apex Studios,0.1274,0.0109,"{AU,FR,IN}",2023-01-21,2025-03-11,75000,0.0093
C0762,Movie_487,NovaPic,0.1385,0.0181,"{US,JP,FR,BR,IN}",2024-03-01,2026-05-20,200000,0.0154
C0763,Show_176,StellarSound,0.1537,0.0338,"{US,AU,IN,BR}",2024-06-09,2026-11-26,200000,0.0287
C0764,Movie_132,GridMedia,0.1525,0.0474,"{US,FR,IN}",2024-08-13,2026-06-04,150000,0.0403
C0765,Movie_129,NeonFilms,0.1353,0.0207,"{CA,AU,DE,JP,UK}",2024-04-04,2027-01-19,150000,0.0176
C0766,Show_046,Apex Studios,0.1236,0.0165,"{JP,AU,CA,DE,BR}",2024-08-24,2027-05-11,75000,0.014
C0767,Movie_071,NovaPic,0.1139,0.0341,"{DE,BR,IN}",2024-11-20,2027-07-08,150000,0.029
C0768,Movie_498,StellarSound,0.1535,0.0418,"{DE,CA,JP}",2024-05-09,2025-09-01,75000,0.0355
C0769,Show_250,GridMedia,0.0973,0.0163,"{BR,AU}",2023-11-07,2025-05-30,150000,0.0139
C0770,Movie_088,NeonFilms,0.1009,0.0119,"{DE,JP,AU,CA}",2023-06-28,2025-10-15,50000,0.0101
C0771,Music_134,Apex Studios,0.0832,0.0125,"{IN,CA}",2024-07-29,2026-02-19,150000,0.0106
C0772,Music_066,NovaPic,0.1286,0.0497,"{FR,DE}",2023-06-04,2026-03-20,100000,0.0422
C0773,Movie_247,StellarSound,0.1674,0.0342,"{AU,FR}",2023-04-24,2024-07-17,50000,0.0291
C0774,Movie_060,GridMedia,0.1582,0.0344,"{FR,CA}",2023-06-21,2026-02-05,50000,0.0292
C0775,Movie_246,NeonFilms,0.0918,0.0182,"{DE,AU,BR}",2024-06-02,2026-08-21,100000,0.0155
C0776,Movie_315,Apex Studios,0.1533,0.014,"{UK,CA,BR,AU}",2024-03-25,2026-04-14,100000,0.0119
C0777,Movie_372,NovaPic,0.1569,0.0103,"{DE,UK,US,AU}",2024-01-17,2026-11-02,150000,0.0088
C0778,Music_009,StellarSound,0.1555,0.0244,"{FR,BR,AU}",2023-08-22,2024-12-14,75000,0.0207
C0779,Movie_020,GridMedia,0.1602,0.0265,"{FR,JP,US,IN,CA}",2023-01-11,2025-10-27,150000,0.0225
C0780,Show_001,NeonFilms,0.1606,0.0477,"{JP,BR,AU,CA}",2024-03-20,2025-04-14,50000,0.0405
C0781,Movie_332,Apex Studios,0.1193,0.0115,"{FR,DE}",2024-03-05,2026-02-23,75000,0.0098
C0782,Show_114,NovaPic,0.1686,0.038,"{JP,US,BR,UK}",2024-06-24,2027-01-10,100000,0.0323
C0783,Movie_001,StellarSound,0.172,0.038,"{FR,AU,JP}",2023-12-20,2026-08-06,150000,0.0323
C0784,Show_044,GridMedia,0.1205,0.0179,"{US,JP}",2024-02-04,2026-12-20,100000,0.0152
C0785,Show_053,NeonFilms,0.1519,0.0452,"{IN,CA,DE,BR}",2023-11-16,2026-03-05,200000,0.0384
C0786,Movie_166,Apex Studios,0.1141,0.0354,"{FR,DE}",2023-09-05,2026-08-20,50000,0.0301
C0787,Show_299,NovaPic,0.1104,0.0269,"{US,JP}",2023-09-23,2026-05-10,200000,0.0229
C0788,Movie_383,StellarSound,0.1307,0.015,"{DE,US,IN,UK,CA}",2024-08-18,2027-02-04,50000,0.0127
C0789,Music_035,GridMedia,0.1515,0.0475,"{JP,DE,UK}",2024-11-13,2027-08-30,200000,0.0404
C0790,Music_174,NeonFilms,0.1373,0.0156,"{CA,JP,DE}",2024-08-19,2026-02-10,150000,0.0133
C0791,Music_095,Apex Studios,0.1623,0.0245,"{BR,FR,US}",2023-04-05,2024-04-29,50000,0.0208
C0792,Show_297,NovaPic,0.1225,0.0152,"{CA,JP,AU,DE,IN}",2024-08-25,2027-01-12,75000,0.0129
C0793,Music_200,StellarSound,0.1319,0.0258,"{BR,AU,JP,IN,FR}",2023-06-16,2024-10-08,100000,0.0219
C0794,Movie_306,GridMedia,0.1306,0.0294,"{FR,CA,JP}",2023-08-06,2025-09-24,150000,0.025
C0795,Show_141,NeonFilms,0.1273,0.0399,"{CA,BR,US,AU}",2024-01-14,2026-07-02,200000,0.0339
C0796,Movie_109,Apex Studios,0.109,0.0309,"{DE,JP,UK,BR}",2024-05-12,2025-05-07,50000,0.0263
C0797,Show_020,NovaPic,0.1591,0.0157,"{US,DE,UK,CA,JP}",2024-05-15,2025-05-10,200000,0.0133
C0798,Movie_183,StellarSound,0.0922,0.0239,"{AU,DE,FR,IN,UK}",2024-01-22,2026-04-11,50000,0.0203
C0799,Show_281,GridMedia,0.1634,0.0433,"{FR,AU,BR}",2024-04-05,2026-12-21,75000,0.0368
C0800,Show_013,NeonFilms,0.1249,0.0447,"{BR,FR}",2023-08-27,2025-08-16,100000,0.038
C0801,Music_131,Apex Studios,0.1139,0.0118,"{CA,UK,JP,US}",2024-08-08,2027-03-26,150000,0.01
C0802,Show_237,NovaPic,0.1596,0.0383,"{FR,CA}",2023-07-17,2026-02-01,200000,0.0326
C0803,Show_240,StellarSound,0.1342,0.0403,"{AU,US,FR}",2024-11-05,2027-03-25,200000,0.0343
C0804,Movie_004,GridMedia,0.098,0.0108,"{AU,CA,BR}",2024-06-30,2027-01-16,75000,0.0092
C0805,Music_109,NeonFilms,0.112,0.0336,"{JP,BR}",2023-07-04,2025-07-23,150000,0.0286
C0806,Movie_162,Apex Studios,0.0824,0.0311,"{CA,FR,US,DE}",2023-06-22,2025-03-13,150000,0.0264
C0807,Movie_446,NovaPic,0.0944,0.0202,"{DE,BR,JP}",2023-06-23,2024-07-17,50000,0.0172
C0808,Music_132,StellarSound,0.1414,0.023,"{DE,BR}",2023-04-12,2025-01-31,50000,0.0195
C0809,Music_199,GridMedia,0.0942,0.0457,"{CA,US,FR,BR,DE}",2024-08-23,2026-03-16,100000,0.0388
C0810,Music_156,NeonFilms,0.1293,0.0401,"{DE,US}",2023-11-22,2026-01-10,150000,0.0341
C0811,Show_157,Apex Studios,0.1353,0.0126,"{IN,US,UK,DE,JP}",2024-11-22,2026-02-15,50000,0.0107
C0812,Show_288,NovaPic,0.1046,0.0322,"{BR,AU,US,JP}",2024-05-27,2025-11-18,75000,0.0274
C0813,Music_100,StellarSound,0.1583,0.0157,"{IN,BR,DE}",2024-04-07,2025-05-02,200000,0.0133
C0814,Show_269,GridMedia,0.0801,0.0286,"{UK,US,AU,IN}",2023-10-07,2026-04-24,200000,0.0243
C0815,Music_137,NeonFilms,0.1051,0.0372,"{FR,DE,US}",2023-06-15,2026-04-30,100000,0.0316
C0816,Show_199,Apex Studios,0.1334,0.0128,"{CA,UK,JP,DE,AU}",2024-03-18,2025-09-09,50000,0.0109
C0817,Movie_118,NovaPic,0.141,0.0483,"{DE,AU,UK,CA}",2024-11-09,2026-08-31,100000,0.0411
C0818,Show_239,StellarSound,0.1142,0.0284,"{US,UK,JP,FR}",2024-09-15,2026-12-04,200000,0.0241
C0819,Music_031,GridMedia,0.0804,0.0104,"{FR,AU,BR,IN,DE}",2023-03-25,2025-11-09,75000,0.0088
C0820,Movie_012,NeonFilms,0.1451,0.0315,"{JP,BR}",2024-09-07,2026-07-29,150000,0.0268
C0821,Show_067,Apex Studios,0.1187,0.0436,"{AU,JP}",2023-07-17,2025-09-04,50000,0.0371
C0822,Movie_258,NovaPic,0.0809,0.0397,"{IN,CA,BR,DE}",2024-10-02,2026-06-24,100000,0.0337
C0823,Show_042,StellarSound,0.1608,0.0188,"{US,DE,IN,JP}",2024-12-24,2027-07-12,150000,0.016
C0824,Movie_480,GridMedia,0.1009,0.0178,"{DE,AU}",2023-06-24,2025-11-10,150000,0.0151
C0825,Music_164,NeonFilms,0.0994,0.0396,"{CA,UK,JP}",2023-03-08,2024-06-30,200000,0.0337
C0826,Movie_391,Apex Studios,0.106,0.0328,"{IN,US,JP,BR}",2024-06-29,2027-01-15,75000,0.0279
C0827,Movie_395,NovaPic,0.1053,0.0324,"{BR,US}",2023-11-27,2025-12-16,150000,0.0275
C0828,Movie_066,StellarSound,0.1644,0.0263,"{AU,JP,DE,US,CA}",2023-02-18,2024-10-10,50000,0.0224
C0829,Show_111,GridMedia,0.1718,0.0313,"{BR,IN}",2023-12-09,2025-02-01,100000,0.0266
C0830,Music_157,NeonFilms,0.168,0.0423,"{CA,IN,FR,BR,UK}",2023-11-15,2025-01-08,75000,0.036
C0831,Show_197,Apex Studios,0.1426,0.0139,"{US,JP,BR,UK,CA}",2023-04-21,2025-07-09,150000,0.0118
C0832,Music_012,NovaPic,0.1038,0.0236,"{FR,IN,US,DE}",2024-09-26,2026-11-15,50000,0.0201
C0833,Music_159,StellarSound,0.1564,0.035,"{CA,US}",2023-02-04,2025-01-24,200000,0.0298
C0834,Show_143,GridMedia,0.1113,0.0439,"{US,AU,FR}",2023-11-05,2026-05-23,50000,0.0373
C0835,Movie_157,NeonFilms,0.1426,0.0126,"{DE,BR}",2024-02-16,2025-05-11,50000,0.0107
C0836,Movie_113,Apex Studios,0.1417,0.0264,"{AU,BR}",2024-04-20,2026-05-10,200000,0.0224
C0837,Movie_049,NovaPic,0.168,0.0348,"{AU,JP}",2024-08-24,2026-02-15,100000,0.0296
C0838,Show_274,StellarSound,0.0908,0.0105,"{UK,DE,FR}",2024-03-07,2026-05-26,50000,0.0089
C0839,Movie_094,GridMedia,0.1525,0.0278,"{US,FR,CA}",2023-11-16,2026-05-04,75000,0.0236
C0840,Show_006,NeonFilms,0.1236,0.0484,"{FR,UK,CA,IN}",2023-11-13,2026-05-31,100000,0.0411
C0841,Show_022,Apex Studios,0.1143,0.0248,"{US,IN,DE}",2024-07-26,2025-08-20,50000,0.0211
C0842,Movie_142,NovaPic,0.1222,0.0178,"{CA,JP,FR}",2024-11-14,2027-02-02,75000,0.0151
C0843,Music_082,StellarSound,0.1495,0.0493,"{JP,DE,IN,UK}",2023-06-16,2024-09-08,200000,0.0419
C0844,Music_126,GridMedia,0.1254,0.0416,"{IN,US,JP,CA,BR}",2024-04-22,2026-11-08,50000,0.0354
C0845,Movie_409,NeonFilms,0.1013,0.0292,"{IN,BR,CA,US,UK}",2023-01-11,2024-03-06,100000,0.0248
C0846,Show_098,Apex Studios,0.1158,0.0322,"{AU,IN,JP,DE}",2024-01-04,2025-01-28,75000,0.0274
C0847,Movie_439,NovaPic,0.1775,0.018,"{IN,DE,JP}",2023-06-28,2025-04-18,100000,0.0153
C0848,Show_099,StellarSound,0.1648,0.0198,"{UK,DE}",2023-04-14,2024-04-08,75000,0.0168
C0849,Show_265,GridMedia,0.1631,0.0155,"{IN,DE,FR,CA}",2024-01-14,2025-12-04,50000,0.0132
C0850,Movie_270,NeonFilms,0.1461,0.0476,"{CA,FR,AU,BR,JP}",2023-07-16,2025-12-02,200000,0.0405
C0851,Show_052,Apex Studios,0.1178,0.025,"{IN,US,BR,DE,JP}",2023-07-13,2025-11-29,200000,0.0213
C0852,Music_175,NovaPic,0.1094,0.0159,"{DE,UK}",2024-06-04,2026-11-21,75000,0.0135
C0853,Show_263,StellarSound,0.1686,0.0184,"{CA,UK,DE,IN,BR}",2024-01-19,2026-04-08,50000,0.0156
C0854,Movie_253,GridMedia,0.1319,0.0172,"{AU,FR,UK,DE,IN}",2024-10-15,2027-04-03,100000,0.0146
C0855,Music_193,NeonFilms,0.145,0.0183,"{IN,BR,CA,UK,FR}",2024-01-22,2026-07-10,75000,0.0156
C0856,Movie_272,Apex Studios,0.0957,0.0437,"{UK,CA}",2023-10-30,2025-12-18,100000,0.0371
C0857,Movie_147,NovaPic,0.1319,0.0192,"{FR,JP,IN,BR,AU}",2024-03-18,2026-04-07,50000,0.0163
C0858,Movie_470,StellarSound,0.1168,0.0299,"{US,UK,IN,CA,AU}",2024-10-22,2025-12-16,100000,0.0254
C0859,Show_159,GridMedia,0.1159,0.0133,"{DE,IN}",2023-04-11,2024-07-04,200000,0.0113
C0860,Movie_406,NeonFilms,0.0871,0.0115,"{IN,JP,UK,BR}",2024-11-30,2026-07-23,75000,0.0098
C0861,Show_012,Apex Studios,0.0991,0.0342,"{US,DE,UK,BR}",2024-02-18,2026-02-07,75000,0.0291
C0862,Show_172,NovaPic,0.1622,0.0403,"{FR,UK,BR,IN,CA}",2023-08-21,2026-07-06,50000,0.0343
C0863,Movie_218,StellarSound,0.1549,0.029,"{AU,JP,BR,US,UK}",2023-07-12,2025-07-31,200000,0.0247
C0864,Movie_323,GridMedia,0.157,0.0379,"{AU,US,UK,CA,DE}",2023-05-12,2025-01-31,75000,0.0322
C0865,Show_236,NeonFilms,0.1743,0.0104,"{IN,BR,FR,JP}",2024-02-18,2027-02-02,100000,0.0088
C0866,Show_081,Apex Studios,0.1579,0.0315,"{US,UK}",2023-06-07,2025-03-28,100000,0.0268
C0867,Movie_217,NovaPic,0.1368,0.042,"{BR,IN,AU,US,DE}",2024-01-31,2025-07-24,200000,0.0357
C0868,Movie_068,StellarSound,0.1275,0.0232,"{CA,UK,US,JP}",2024-07-20,2025-12-12,150000,0.0197
C0869,Movie_275,GridMedia,0.0832,0.0376,"{UK,IN}",2023-03-13,2025-03-02,150000,0.032
C0870,Movie_411,NeonFilms,0.1084,0.0193,"{AU,US}",2024-01-13,2026-05-02,200000,0.0164
C0871,Movie_324,Apex Studios,0.0811,0.0231,"{UK,CA,AU,DE,IN}",2024-05-04,2027-03-20,150000,0.0196
C0872,Music_025,NovaPic,0.0869,0.0482,"{IN,DE,FR}",2024-12-27,2027-09-13,75000,0.041
C0873,Music_183,StellarSound,0.1275,0.0341,"{FR,AU,UK}",2023-07-26,2024-07-20,100000,0.029
C0874,Music_042,GridMedia,0.1791,0.0278,"{FR,JP,DE}",2024-05-17,2026-07-06,150000,0.0236
C0875,Movie_235,NeonFilms,0.1263,0.0116,"{AU,JP,FR,BR}",2023-11-01,2025-10-21,50000,0.0099
C0876,Movie_058,Apex Studios,0.1413,0.0424,"{IN,UK,DE,JP,FR}",2024-04-13,2026-04-03,75000,0.036
C0877,Show_295,NovaPic,0.1711,0.0173,"{BR,US}",2023-09-03,2025-01-25,200000,0.0147
C0878,Show_287,StellarSound,0.1074,0.0351,"{IN,AU}",2024-02-26,2027-02-10,100000,0.0298
C0879,Music_064,GridMedia,0.1353,0.0498,"{FR,JP}",2024-02-24,2026-04-14,50000,0.0423
C0880,Movie_333,NeonFilms,0.0965,0.0183,"{US,CA,JP,BR,IN}",2024-01-26,2025-11-16,50000,0.0156
C0881,Show_202,Apex Studios,0.1546,0.0442,"{US,DE}",2023-04-28,2026-02-11,150000,0.0376
C0882,Movie_225,NovaPic,0.1717,0.0231,"{AU,CA,US,DE,FR}",2024-12-31,2027-02-19,150000,0.0196
C0883,Show_071,StellarSound,0.094,0.0428,"{US,CA,AU}",2023-10-29,2025-01-21,75000,0.0364
C0884,Show_205,GridMedia,0.1335,0.0256,"{DE,UK}",2024-03-27,2026-02-15,50000,0.0218
C0885,Show_156,NeonFilms,0.0978,0.0386,"{AU,US,BR}",2024-10-12,2027-01-30,200000,0.0328
C0886,Movie_277,Apex Studios,0.1441,0.0387,"{DE,AU,US,FR,BR}",2023-02-19,2026-02-03,50000,0.0329
C0887,Movie_389,NovaPic,0.1177,0.0181,"{IN,FR,US,BR}",2024-03-07,2025-03-02,75000,0.0154
C0888,Movie_474,StellarSound,0.1789,0.0235,"{IN,CA}",2024-11-11,2026-04-05,75000,0.02
C0889,Movie_168,GridMedia,0.1524,0.0118,"{JP,FR}",2024-07-29,2027-03-16,200000,0.01
C0890,Music_195,NeonFilms,0.099,0.0183,"{BR,CA,AU,FR,US}",2024-01-01,2025-10-22,200000,0.0156
C0891,Show_247,Apex Studios,0.0974,0.0261,"{BR,IN}",2024-04-14,2025-11-05,100000,0.0222
C0892,Show_047,NovaPic,0.0866,0.0426,"{US,CA,AU,IN}",2023-11-05,2026-10-20,200000,0.0362
C0893,Movie_176,StellarSound,0.1399,0.0493,"{DE,CA,FR}",2023-11-29,2026-07-16,50000,0.0419
C0894,Music_108,GridMedia,0.1496,0.0371,"{UK,JP,BR,AU}",2024-05-08,2025-07-02,75000,0.0315
C0895,Show_124,NeonFilms,0.1135,0.0343,"{BR,IN,DE,FR,US}",2023-08-27,2024-08-21,200000,0.0292
C0896,Movie_074,Apex Studios,0.1416,0.0459,"{BR,IN,DE}",2023-03-23,2024-04-16,100000,0.039
C0897,Show_164,NovaPic,0.0938,0.0299,"{BR,IN,JP}",2023-02-08,2024-08-31,75000,0.0254
C0898,Show_200,StellarSound,0.1723,0.0339,"{UK,DE,FR,JP}",2023-02-10,2025-05-30,150000,0.0288
C0899,Music_171,GridMedia,0.1592,0.0266,"{IN,JP}",2023-12-17,2025-07-09,100000,0.0226
C0900,Movie_274,NeonFilms,0.1006,0.0122,"{BR,JP,CA}",2024-03-28,2026-11-13,75000,0.0104
C0901,Show_187,Apex Studios,0.0806,0.0448,"{US,UK,CA}",2023-05-09,2024-07-02,50000,0.0381
C0902,Movie_215,NovaPic,0.0974,0.032,"{FR,CA,IN}",2024-04-23,2026-01-13,75000,0.0272
C0903,Movie_364,StellarSound,0.0964,0.0179,"{IN,DE,UK}",2024-08-13,2026-10-02,150000,0.0152
C0904,Movie_380,GridMedia,0.1768,0.0181,"{JP,BR}",2024-01-22,2025-06-15,150000,0.0154
C0905,Movie_167,NeonFilms,0.1271,0.0269,"{UK,AU,US,IN,JP}",2023-03-27,2026-03-11,200000,0.0229
C0906,Movie_374,Apex Studios,0.1706,0.022,"{FR,UK,AU}",2024-01-25,2026-03-15,200000,0.0187
C0907,Music_055,NovaPic,0.1106,0.0213,"{CA,JP,FR,AU,IN}",2023-07-20,2024-11-11,200000,0.0181
C0908,Show_151,StellarSound,0.1716,0.0102,"{AU,BR,IN,FR}",2024-01-18,2026-01-07,200000,0.0087
C0909,Movie_465,GridMedia,0.129,0.0356,"{BR,US}",2023-05-08,2025-04-27,200000,0.0303
C0910,Music_155,NeonFilms,0.1732,0.0165,"{JP,AU,FR,BR}",2024-01-13,2026-10-29,150000,0.014
C0911,Music_148,Apex Studios,0.0858,0.0254,"{IN,AU,US}",2024-01-06,2026-08-23,150000,0.0216
C0912,Movie_104,NovaPic,0.1507,0.0111,"{AU,UK,FR,CA}",2024-09-08,2027-02-25,75000,0.0094
C0913,Music_088,StellarSound,0.1752,0.0437,"{CA,BR}",2024-02-12,2026-11-28,50000,0.0371
C0914,Music_179,GridMedia,0.1386,0.046,"{BR,UK,FR}",2024-03-13,2025-11-03,200000,0.0391
C0915,Music_076,NeonFilms,0.1492,0.03,"{DE,BR,AU,JP,US}",2023-04-22,2025-12-07,200000,0.0255
C0916,Movie_082,Apex Studios,0.1373,0.0419,"{IN,BR,JP,UK}",2023-01-07,2024-05-31,75000,0.0356
C0917,Movie_297,NovaPic,0.1616,0.0101,"{FR,BR,JP,UK,IN}",2023-06-24,2024-11-15,50000,0.0086
C0918,Show_292,StellarSound,0.1175,0.0382,"{UK,CA,IN,DE,AU}",2023-07-10,2024-12-31,75000,0.0325
C0919,Movie_234,GridMedia,0.0859,0.0173,"{BR,AU,JP,DE}",2023-04-22,2025-12-07,75000,0.0147
C0920,Show_178,NeonFilms,0.0966,0.0217,"{DE,CA}",2023-12-17,2024-12-11,150000,0.0184
C0921,Movie_047,Apex Studios,0.1386,0.0291,"{US,DE}",2023-01-08,2025-09-24,50000,0.0247
C0922,Movie_072,NovaPic,0.1382,0.0495,"{FR,US,IN}",2024-09-09,2026-12-28,50000,0.0421
C0923,Show_222,StellarSound,0.1787,0.0405,"{JP,BR,UK,AU,FR}",2023-11-19,2025-06-11,150000,0.0344
C0924,Movie_197,GridMedia,0.1741,0.0366,"{JP,FR}",2023-04-13,2024-04-07,150000,0.0311
C0925,Show_092,NeonFilms,0.1257,0.0379,"{CA,DE}",2024-12-17,2027-12-02,75000,0.0322
C0926,Movie_371,Apex Studios,0.1615,0.0247,"{FR,BR,JP,CA,US}",2024-10-15,2026-08-06,200000,0.021
C0927,Music_083,NovaPic,0.0817,0.0244,"{AU,IN,DE,FR}",2024-02-14,2026-12-30,50000,0.0207
C0928,Music_107,StellarSound,0.1413,0.0133,"{CA,BR,UK,DE,FR}",2024-12-30,2026-04-24,150000,0.0113
C0929,Show_134,GridMedia,0.167,0.045,"{UK,AU}",2023-03-31,2024-12-20,200000,0.0382
C0930,Show_144,NeonFilms,0.1632,0.0499,"{AU,CA,IN}",2024-11-09,2027-03-29,150000,0.0424
C0931,Music_050,Apex Studios,0.1041,0.0185,"{BR,US}",2023-06-14,2025-04-04,50000,0.0157
C0932,Movie_301,NovaPic,0.1703,0.0407,"{AU,CA,JP,FR}",2024-07-01,2027-02-16,75000,0.0346
C0933,Show_066,StellarSound,0.1525,0.0136,"{CA,JP,IN}",2024-01-26,2026-09-12,100000,0.0116
C0934,Movie_081,GridMedia,0.1442,0.0325,"{IN,DE,US}",2023-10-25,2024-12-18,150000,0.0276
C0935,Movie_388,NeonFilms,0.0911,0.0236,"{CA,JP,FR}",2023-11-17,2025-11-06,200000,0.0201
C0936,Movie_128,Apex Studios,0.1377,0.0101,"{BR,FR,UK}",2024-01-09,2026-09-25,50000,0.0086
C0937,Show_050,NovaPic,0.1734,0.0151,"{CA,BR,US}",2024-07-05,2026-08-24,200000,0.0128
C0938,Movie_471,StellarSound,0.1116,0.0426,"{AU,FR,CA}",2024-09-07,2026-05-30,100000,0.0362
C0939,Show_248,GridMedia,0.0946,0.0366,"{DE,CA,UK,JP}",2024-08-10,2026-10-29,50000,0.0311
C0940,Movie_045,NeonFilms,0.1431,0.0186,"{US,JP,CA,AU,BR}",2023-08-19,2026-06-04,100000,0.0158
C0941,Music_027,Apex Studios,0.1536,0.0469,"{BR,DE,FR,JP,CA}",2023-01-23,2025-06-11,75000,0.0399
C0942,Movie_271,NovaPic,0.1192,0.0269,"{BR,FR,US,DE}",2023-10-17,2025-07-08,150000,0.0229
C0943,Show_119,StellarSound,0.1496,0.0178,"{CA,UK,AU,DE,US}",2024-12-27,2026-09-18,200000,0.0151
C0944,Movie_353,GridMedia,0.1258,0.0165,"{AU,DE,CA,BR,JP}",2023-07-20,2026-06-04,75000,0.014
C0945,Music_068,NeonFilms,0.1451,0.0245,"{UK,BR}",2024-03-13,2026-11-28,200000,0.0208
C0946,Movie_368,Apex Studios,0.1642,0.047,"{AU,UK,US,BR}",2024-06-11,2027-01-27,50000,0.0399
C0947,Movie_100,NovaPic,0.1138,0.0274,"{IN,US,AU,CA,FR}",2024-05-15,2026-02-04,75000,0.0233
C0948,Movie_390,StellarSound,0.1488,0.0482,"{AU,BR}",2023-10-09,2026-05-26,150000,0.041
C0949,Movie_095,GridMedia,0.1453,0.0247,"{CA,FR}",2024-05-15,2026-12-31,50000,0.021
C0950,Music_191,NeonFilms,0.1469,0.0304,"{DE,CA,BR,FR,AU}",2024-01-29,2026-04-18,50000,0.0258
C0951,Movie_345,Apex Studios,0.18,0.0381,"{CA,JP,US}",2024-12-31,2027-05-20,100000,0.0324
C0952,Show_282,NovaPic,0.0985,0.0425,"{FR,AU,US,DE,JP}",2024-07-05,2027-04-21,50000,0.0361
C0953,Movie_221,StellarSound,0.1619,0.0361,"{UK,FR}",2023-01-06,2025-05-25,75000,0.0307
C0954,Movie_160,GridMedia,0.1247,0.0226,"{IN,UK,US}",2024-07-29,2026-03-21,50000,0.0192
C0955,Music_165,NeonFilms,0.1651,0.0114,"{JP,UK,IN,FR}",2023-01-01,2024-07-24,50000,0.0097
C0956,Movie_349,Apex Studios,0.1101,0.0478,"{FR,AU,CA,DE}",2024-05-17,2027-03-03,200000,0.0406
C0957,Music_184,NovaPic,0.1113,0.0464,"{CA,US,FR}",2023-02-07,2024-07-31,100000,0.0394
C0958,Show_215,StellarSound,0.0942,0.0442,"{FR,IN,DE}",2024-01-03,2025-08-25,75000,0.0376
C0959,Movie_164,GridMedia,0.0928,0.0349,"{DE,BR,JP,CA}",2024-02-14,2026-04-04,50000,0.0297
C0960,Music_026,NeonFilms,0.0883,0.0202,"{FR,IN,US}",2024-10-06,2027-08-22,150000,0.0172
C0961,Show_278,Apex Studios,0.1069,0.0353,"{FR,UK,IN,CA}",2023-11-20,2025-12-09,75000,0.03
C0962,Movie_007,NovaPic,0.1179,0.0486,"{DE,CA}",2024-06-28,2025-09-21,75000,0.0413
C0963,Music_091,StellarSound,0.1484,0.0263,"{JP,FR}",2023-10-07,2025-01-29,100000,0.0224
C0964,Music_029,GridMedia,0.1669,0.019,"{BR,IN}",2024-01-23,2025-04-17,50000,0.0161
C0965,Movie_285,NeonFilms,0.1583,0.0149,"{AU,CA,DE,UK}",2024-12-18,2027-06-06,200000,0.0127
C0966,Show_104,Apex Studios,0.1665,0.0321,"{US,UK}",2023-11-22,2026-11-06,200000,0.0273
C0967,Movie_460,NovaPic,0.119,0.0238,"{AU,UK,FR,US,DE}",2024-12-31,2026-04-25,200000,0.0202
C0968,Movie_226,StellarSound,0.1458,0.0157,"{US,JP,AU,CA}",2024-11-25,2027-06-13,200000,0.0133
C0969,Movie_430,GridMedia,0.1218,0.0283,"{AU,DE,UK,IN}",2024-06-17,2027-04-03,150000,0.0241
C0970,Music_187,NeonFilms,0.1681,0.0426,"{DE,BR}",2023-11-17,2025-01-10,100000,0.0362
C0971,Show_219,Apex Studios,0.1435,0.0131,"{UK,US}",2023-03-28,2026-02-10,75000,0.0111
C0972,Show_166,NovaPic,0.1086,0.0472,"{FR,UK,IN,BR,DE}",2024-12-02,2027-08-19,50000,0.0401
C0973,Show_234,StellarSound,0.1688,0.0379,"{IN,US}",2024-03-11,2026-12-26,150000,0.0322
C0974,Movie_204,GridMedia,0.1334,0.0238,"{AU,UK}",2024-11-21,2027-11-06,200000,0.0202
C0975,Show_075,NeonFilms,0.1324,0.019,"{UK,JP,US,IN}",2024-05-22,2026-05-12,50000,0.0161
C0976,Movie_028,Apex Studios,0.097,0.0488,"{FR,CA,UK}",2023-11-03,2026-01-21,100000,0.0415
C0977,Show_117,NovaPic,0.1094,0.0185,"{IN,DE,JP,AU,US}",2024-04-19,2026-11-05,200000,0.0157
C0978,Show_018,StellarSound,0.1648,0.0123,"{JP,DE,UK,US,FR}",2023-12-25,2026-11-09,50000,0.0105
C0979,Movie_239,GridMedia,0.0986,0.0242,"{AU,IN,US,DE,JP}",2023-06-07,2025-06-26,50000,0.0206
C0980,Movie_224,NeonFilms,0.0924,0.0295,"{IN,AU,FR,UK}",2023-11-03,2025-09-23,75000,0.0251
C0981,Movie_096,Apex Studios,0.1228,0.0173,"{AU,FR}",2023-06-15,2024-10-07,100000,0.0147
C0982,Movie_031,NovaPic,0.1154,0.0274,"{CA,IN,UK}",2023-02-11,2024-06-05,100000,0.0233
C0983,Movie_033,StellarSound,0.1195,0.0398,"{IN,AU,JP}",2023-09-30,2024-12-23,50000,0.0338
C0984,Movie_433,GridMedia,0.1221,0.032,"{BR,FR,CA,US}",2023-04-21,2024-04-15,75000,0.0272
C0985,Show_105,NeonFilms,0.0926,0.0238,"{US,JP,IN}",2024-09-03,2027-07-20,50000,0.0202
C0986,Movie_090,Apex Studios,0.0808,0.0292,"{CA,BR,FR,DE,AU}",2024-06-07,2025-10-30,100000,0.0248
C0987,Show_059,NovaPic,0.1049,0.0407,"{BR,IN,AU}",2024-12-24,2026-03-19,100000,0.0346
C0988,Music_114,StellarSound,0.1501,0.0301,"{UK,IN,US}",2023-05-16,2025-05-05,75000,0.0256
C0989,Show_259,GridMedia,0.0838,0.0496,"{US,IN,FR,BR,AU}",2024-02-22,2026-06-11,75000,0.0422
C0990,Show_193,NeonFilms,0.1106,0.0353,"{JP,BR,IN}",2023-03-04,2025-06-21,75000,0.03
C0991,Movie_105,Apex Studios,0.1227,0.0121,"{JP,DE,UK,FR}",2024-03-04,2025-09-25,50000,0.0103
C0992,Show_255,NovaPic,0.112,0.0119,"{US,JP}",2023-08-06,2025-04-27,50000,0.0101
C0993,Movie_143,StellarSound,0.1272,0.0463,"{UK,DE,IN,FR,JP}",2023-11-08,2025-01-31,50000,0.0394
C0994,Movie_229,GridMedia,0.0897,0.0105,"{JP,FR,AU}",2024-01-06,2026-11-21,200000,0.0089
C0995,Movie_251,NeonFilms,0.1579,0.0312,"{DE,IN,FR}",2024-01-29,2025-03-24,100000,0.0265
C0996,Movie_282,Apex Studios,0.1687,0.0152,"{US,IN}",2023-07-17,2026-05-02,200000,0.0129
C0997,Show_260,NovaPic,0.1246,0.0139,"{DE,AU,BR,CA}",2024-06-30,2027-05-16,200000,0.0118
C0998,Movie_026,StellarSound,0.0954,0.0151,"{FR,JP,UK,IN}",2024-10-06,2027-07-23,150000,0.0128
C0999,Movie_115,GridMedia,0.0917,0.0274,"{FR,US,CA,DE,UK}",2024-12-14,2026-04-08,150000,0.0233
C1000,Show_155,NeonFilms,0.109,0.0482,"{BR,AU,JP}",2024-06-29,2026-10-17,50000,0.041
