payment_id,content_id,contract_id,amount_paid,payment_date
PAY000001,Show_277,C0001,49302.41,2026-04-02
PAY000002,Show_008,C0002,36531.35,2026-04-02
PAY000003,Music_096,C0003,7046.17,2026-04-02
PAY000004,Music_123,C0004,17062.38,2026-04-02
PAY000005,Movie_034,C0005,13653.6,2026-04-02
PAY000006,Movie_484,C0006,11588.56,2026-04-02
PAY000007,Movie_086,C0007,14045.92,2026-04-02
PAY000008,Show_251,C0008,43158.41,2026-04-02
PAY000009,Movie_355,C0009,20914.47,2026-04-02
PAY000010,Show_024,C0010,29578.06,2026-04-02
PAY000011,Movie_185,C0011,35128.1,2026-04-02
PAY000012,Music_010,C0012,2249.88,2026-04-02
PAY000013,Movie_419,C0013,5934.46,2026-04-02
PAY000014,Show_116,C0014,14430.68,2026-04-02
PAY000015,Show_183,C0015,48570.85,2026-04-02
PAY000016,Show_002,C0016,32094.06,2026-04-02
PAY000017,Show_261,C0017,30873.45,2026-04-02
PAY000018,Movie_050,C0018,30996.49,2026-04-02
PAY000019,Show_233,C0019,13226.33,2026-04-02
PAY000020,Movie_337,C0020,37259.48,2026-04-02
PAY000021,Movie_451,C0021,4901.06,2026-04-02
PAY000022,Show_291,C0022,19345.75,2026-04-02
PAY000023,Movie_351,C0023,11043.9,2026-04-02
PAY000024,Movie_468,C0024,3104.5,2026-04-02
PAY000025,Show_123,C0025,21820.25,2026-04-02
PAY000026,Movie_477,C0026,14242.63,2026-04-02
PAY000027,Show_115,C0027,22799.96,2026-04-02
PAY000028,Show_055,C0028,23414.99,2026-04-02
PAY000029,Movie_366,C0029,13610.71,2026-04-02
PAY000030,Show_271,C0030,8954.53,2026-04-02
PAY000031,Show_131,C0031,47537.29,2026-04-02
PAY000032,Music_141,C0032,42480.35,2026-04-02
PAY000033,Show_298,C0033,38171.74,2026-04-02
PAY000034,Movie_497,C0034,39990.03,2026-04-02
PAY000035,Music_125,C0035,19031.4,2026-04-02
PAY000036,Movie_370,C0036,1090.07,2026-04-02
PAY000037,Show_097,C0037,19166.1,2026-04-02
PAY000038,Show_221,C0038,28046.26,2026-04-02
PAY000039,Movie_054,C0039,19910.8,2026-04-02
PAY000040,Movie_427,C0040,1241.34,2026-04-02
PAY000041,Movie_057,C0041,43836.59,2026-04-02
PAY000042,Movie_265,C0042,14584.72,2026-04-02
PAY000043,Show_273,C0043,41807.39,2026-04-02
PAY000044,Movie_186,C0044,32922.32,2026-04-02
PAY000045,Movie_467,C0045,6453.26,2026-04-02
PAY000046,Show_290,C0046,33626.15,2026-04-02
PAY000047,Movie_175,C0047,11898.18,2026-04-02
PAY000048,Movie_151,C0048,48411.87,2026-04-02
PAY000049,Show_242,C0049,18563.52,2026-04-02
PAY000050,Movie_114,C0050,40671.79,2026-04-02
PAY000051,Movie_429,C0051,48192.13,2026-04-02
PAY000052,Music_166,C0052,23668.1,2026-04-02
PAY000053,Movie_019,C0053,34904.51,2026-04-02
PAY000054,Movie_190,C0054,6088.21,2026-04-02
PAY000055,Movie_415,C0055,4587.73,2026-04-02
PAY000056,Show_090,C0056,28447.55,2026-04-02
PAY000057,Show_167,C0057,22522.14,2026-04-02
PAY000058,Show_264,C0058,45528.85,2026-04-02
PAY000059,Movie_222,C0059,47232.47,2026-04-02
PAY000060,Show_087,C0060,42965.79,2026-04-02
PAY000061,Show_082,C0061,21591.8,2026-04-02
PAY000062,Movie_300,C0062,15151.63,2026-04-02
PAY000063,Show_139,C0063,1017.44,2026-04-02
PAY000064,Movie_387,C0064,34106.15,2026-04-02
PAY000065,Movie_365,C0065,25614.07,2026-04-02
PAY000066,Music_080,C0066,30690.96,2026-04-02
PAY000067,Movie_335,C0067,23572.31,2026-04-02
PAY000068,Movie_017,C0068,27780.8,2026-04-02
PAY000069,Movie_203,C0069,21504.03,2026-04-02
PAY000070,Movie_002,C0070,16109.64,2026-04-02
PAY000071,Movie_039,C0071,11435.43,2026-04-02
PAY000072,Movie_291,C0072,48957.48,2026-04-02
PAY000073,Movie_494,C0073,23472.85,2026-04-02
PAY000074,Movie_248,C0074,42033.66,2026-04-02
PAY000075,Show_007,C0075,42080.6,2026-04-02
PAY000076,Music_097,C0076,45039.36,2026-04-02
PAY000077,Show_214,C0077,43642.34,2026-04-02
PAY000078,Music_092,C0078,10785.88,2026-04-02
PAY000079,Movie_077,C0079,23411.94,2026-04-02
PAY000080,Music_112,C0080,21802.77,2026-04-02
PAY000081,Show_293,C0081,27349.24,2026-04-02
PAY000082,Show_009,C0082,10578.82,2026-04-02
PAY000083,Movie_178,C0083,31253.91,2026-04-02
PAY000084,Music_043,C0084,9438.99,2026-04-02
PAY000085,Movie_201,C0085,38818.3,2026-04-02
PAY000086,Show_266,C0086,27231.95,2026-04-02
PAY000087,Music_110,C0087,47484.18,2026-04-02
PAY000088,Movie_294,C0088,29459.99,2026-04-02
PAY000089,Show_039,C0089,40122.29,2026-04-02
PAY000090,Movie_025,C0090,3427.63,2026-04-02
PAY000091,Show_195,C0091,44295.54,2026-04-02
PAY000092,Movie_211,C0092,24545.64,2026-04-02
PAY000093,Movie_425,C0093,3107.81,2026-04-02
PAY000094,Show_029,C0094,18257.5,2026-04-02
PAY000095,Movie_035,C0095,45266.62,2026-04-02
PAY000096,Music_129,C0096,16023.15,2026-04-02
PAY000097,Movie_399,C0097,36299.1,2026-04-02
PAY000098,Show_108,C0098,30833.12,2026-04-02
PAY000099,Movie_299,C0099,40840.65,2026-04-02
PAY000100,Music_049,C0100,32392.68,2026-04-02
PAY000101,Show_169,C0101,31960.34,2026-04-02
PAY000102,Movie_283,C0102,21722.99,2026-04-02
PAY000103,Music_140,C0103,17394.76,2026-04-02
PAY000104,Music_145,C0104,42045.72,2026-04-02
PAY000105,Show_107,C0105,48418.0,2026-04-02
PAY000106,Music_160,C0106,46498.19,2026-04-02
PAY000107,Music_135,C0107,14151.55,2026-04-02
PAY000108,Show_232,C0108,19629.71,2026-04-02
PAY000109,Movie_288,C0109,9320.1,2026-04-02
PAY000110,Show_028,C0110,43137.58,2026-04-02
PAY000111,Music_008,C0111,40181.6,2026-04-02
PAY000112,Movie_230,C0112,2267.92,2026-04-02
PAY000113,Movie_437,C0113,42882.37,2026-04-02
PAY000114,Movie_029,C0114,11242.24,2026-04-02
PAY000115,Movie_375,C0115,43916.35,2026-04-02
PAY000116,Music_020,C0116,4817.35,2026-04-02
PAY000117,Movie_317,C0117,25367.29,2026-04-02
PAY000118,Show_061,C0118,11224.61,2026-04-02
PAY000119,Movie_242,C0119,14827.44,2026-04-02
PAY000120,Movie_150,C0120,20400.62,2026-04-02
PAY000121,Show_017,C0121,21881.67,2026-04-02
PAY000122,Movie_418,C0122,41502.38,2026-04-02
PAY000123,Show_161,C0123,12610.12,2026-04-02
PAY000124,Movie_199,C0124,44702.45,2026-04-02
PAY000125,Show_086,C0125,34502.43,2026-04-02
PAY000126,Movie_326,C0126,40675.4,2026-04-02
PAY000127,Music_024,C0127,47938.46,2026-04-02
PAY000128,Show_203,C0128,11222.11,2026-04-02
PAY000129,Music_150,C0129,34340.65,2026-04-02
PAY000130,Show_016,C0130,27709.45,2026-04-02
PAY000131,Music_065,C0131,1059.18,2026-04-02
PAY000132,Music_037,C0132,34957.97,2026-04-02
PAY000133,Music_078,C0133,37415.66,2026-04-02
PAY000134,Movie_360,C0134,10435.47,2026-04-02
PAY000135,Show_095,C0135,21984.53,2026-04-02
PAY000136,Show_289,C0136,31949.53,2026-04-02
PAY000137,Movie_189,C0137,32519.14,2026-04-02
PAY000138,Movie_067,C0138,25656.11,2026-04-02
PAY000139,Movie_356,C0139,12130.61,2026-04-02
PAY000140,Show_300,C0140,16259.17,2026-04-02
PAY000141,Music_103,C0141,18993.06,2026-04-02
PAY000142,Music_121,C0142,4353.75,2026-04-02
PAY000143,Music_143,C0143,2029.36,2026-04-02
PAY000144,Movie_331,C0144,1744.5,2026-04-02
PAY000145,Show_228,C0145,46182.52,2026-04-02
PAY000146,Movie_397,C0146,20872.36,2026-04-02
PAY000147,Movie_464,C0147,48334.59,2026-04-02
PAY000148,Movie_394,C0148,15688.19,2026-04-02
PAY000149,Movie_312,C0149,49921.85,2026-04-02
PAY000150,Show_181,C0150,9755.72,2026-04-02
PAY000151,Show_245,C0151,11305.06,2026-04-02
PAY000152,Music_122,C0152,46249.83,2026-04-02
PAY000153,Movie_462,C0153,30697.31,2026-04-02
PAY000154,Show_023,C0154,5565.25,2026-04-02
PAY000155,Show_132,C0155,24131.87,2026-04-02
PAY000156,Movie_491,C0156,42357.95,2026-04-02
PAY000157,Movie_196,C0157,1487.22,2026-04-02
PAY000158,Movie_257,C0158,6430.94,2026-04-02
PAY000159,Show_194,C0159,34720.34,2026-04-02
PAY000160,Show_241,C0160,43223.78,2026-04-02
PAY000161,Show_078,C0161,27568.04,2026-04-02
PAY000162,Movie_158,C0162,2363.37,2026-04-02
PAY000163,Show_113,C0163,1990.55,2026-04-02
PAY000164,Movie_393,C0164,46681.22,2026-04-02
PAY000165,Music_170,C0165,43703.83,2026-04-02
PAY000166,Show_189,C0166,15151.56,2026-04-02
PAY000167,Movie_362,C0167,19337.78,2026-04-02
PAY000168,Music_017,C0168,28077.38,2026-04-02
PAY000169,Movie_402,C0169,5039.73,2026-04-02
PAY000170,Movie_093,C0170,29696.85,2026-04-02
PAY000171,Music_118,C0171,13992.45,2026-04-02
PAY000172,Movie_490,C0172,19832.11,2026-04-02
PAY000173,Movie_452,C0173,28651.87,2026-04-02
PAY000174,Movie_252,C0174,24387.7,2026-04-02
PAY000175,Show_154,C0175,13477.66,2026-04-02
PAY000176,Show_270,C0176,7941.28,2026-04-02
PAY000177,Show_171,C0177,33118.03,2026-04-02
PAY000178,Movie_130,C0178,38220.26,2026-04-02
PAY000179,Show_138,C0179,1963.9,2026-04-02
PAY000180,Music_192,C0180,48208.4,2026-04-02
PAY000181,Movie_343,C0181,41261.29,2026-04-02
PAY000182,Movie_309,C0182,3934.07,2026-04-02
PAY000183,Movie_137,C0183,47209.56,2026-04-02
PAY000184,Movie_089,C0184,8058.26,2026-04-02
PAY000185,Movie_328,C0185,17865.87,2026-04-02
PAY000186,Movie_476,C0186,21406.44,2026-04-02
PAY000187,Music_182,C0187,13348.07,2026-04-02
PAY000188,Music_051,C0188,36216.96,2026-04-02
PAY000189,Music_093,C0189,19596.9,2026-04-02
PAY000190,Movie_376,C0190,24109.95,2026-04-02
PAY000191,Movie_179,C0191,22237.88,2026-04-02
PAY000192,Movie_027,C0192,37960.23,2026-04-02
PAY000193,Movie_350,C0193,48750.94,2026-04-02
PAY000194,Movie_500,C0194,2207.2,2026-04-02
PAY000195,Movie_475,C0195,22208.86,2026-04-02
PAY000196,Show_118,C0196,15402.09,2026-04-02
PAY000197,Show_198,C0197,10081.64,2026-04-02
PAY000198,Movie_051,C0198,3388.69,2026-04-02
PAY000199,Movie_212,C0199,29542.0,2026-04-02
PAY000200,Movie_382,C0200,9950.58,2026-04-02
PAY000201,Music_084,C0201,12798.98,2026-04-02
PAY000202,Movie_174,C0202,32732.87,2026-04-02
PAY000203,Movie_148,C0203,28162.0,2026-04-02
PAY000204,Movie_420,C0204,10799.62,2026-04-02
PAY000205,Music_162,C0205,16461.57,2026-04-02
PAY000206,Movie_149,C0206,17927.95,2026-04-02
PAY000207,Music_176,C0207,44433.22,2026-04-02
PAY000208,Movie_080,C0208,38292.67,2026-04-02
PAY000209,Show_276,C0209,33082.06,2026-04-02
PAY000210,Movie_303,C0210,20009.3,2026-04-02
PAY000211,Music_196,C0211,43233.72,2026-04-02
PAY000212,Show_026,C0212,29007.24,2026-04-02
PAY000213,Show_275,C0213,42361.8,2026-04-02
PAY000214,Movie_232,C0214,6121.79,2026-04-02
PAY000215,Show_126,C0215,17499.14,2026-04-02
PAY000216,Music_001,C0216,28226.7,2026-04-02
PAY000217,Show_062,C0217,35014.53,2026-04-02
PAY000218,Show_010,C0218,37688.43,2026-04-02
PAY000219,Music_041,C0219,40529.38,2026-04-02
PAY000220,Movie_495,C0220,28731.83,2026-04-02
PAY000221,Movie_120,C0221,44342.15,2026-04-02
PAY000222,Movie_478,C0222,39105.15,2026-04-02
PAY000223,Movie_145,C0223,6888.99,2026-04-02
PAY000224,Movie_030,C0224,16303.68,2026-04-02
PAY000225,Music_111,C0225,49995.79,2026-04-02
PAY000226,Movie_122,C0226,34030.34,2026-04-02
PAY000227,Show_106,C0227,11968.57,2026-04-02
PAY000228,Movie_062,C0228,28569.57,2026-04-02
PAY000229,Music_072,C0229,48606.79,2026-04-02
PAY000230,Show_073,C0230,16358.94,2026-04-02
PAY000231,Movie_006,C0231,46623.39,2026-04-02
PAY000232,Music_127,C0232,46043.52,2026-04-02
PAY000233,Show_140,C0233,7781.65,2026-04-02
PAY000234,Movie_440,C0234,16065.63,2026-04-02
PAY000235,Show_230,C0235,47854.61,2026-04-02
PAY000236,Movie_194,C0236,20022.93,2026-04-02
PAY000237,Show_253,C0237,10370.09,2026-04-02
PAY000238,Show_127,C0238,10665.24,2026-04-02
PAY000239,Show_072,C0239,33364.94,2026-04-02
PAY000240,Movie_018,C0240,41383.24,2026-04-02
PAY000241,Show_243,C0241,17796.27,2026-04-02
PAY000242,Music_115,C0242,15486.18,2026-04-02
PAY000243,Show_011,C0243,29962.44,2026-04-02
PAY000244,Show_074,C0244,17708.78,2026-04-02
PAY000245,Movie_139,C0245,17548.82,2026-04-02
PAY000246,Movie_192,C0246,6094.74,2026-04-02
PAY000247,Movie_005,C0247,18150.22,2026-04-02
PAY000248,Movie_444,C0248,16307.25,2026-04-02
PAY000249,Movie_021,C0249,8574.53,2026-04-02
PAY000250,Movie_214,C0250,16109.31,2026-04-02
PAY000251,Movie_065,C0251,12390.95,2026-04-02
PAY000252,Movie_412,C0252,8963.03,2026-04-02
PAY000253,Movie_302,C0253,15143.32,2026-04-02
PAY000254,Movie_334,C0254,48517.94,2026-04-02
PAY000255,Movie_193,C0255,28616.74,2026-04-02
PAY000256,Show_165,C0256,49217.57,2026-04-02
PAY000257,Movie_263,C0257,11963.61,2026-04-02
PAY000258,Show_148,C0258,40946.94,2026-04-02
PAY000259,Music_011,C0259,41686.11,2026-04-02
PAY000260,Movie_233,C0260,34340.16,2026-04-02
PAY000261,Show_296,C0261,11122.4,2026-04-02
PAY000262,Show_182,C0262,17541.52,2026-04-02
PAY000263,Music_005,C0263,42878.12,2026-04-02
PAY000264,Movie_483,C0264,47001.77,2026-04-02
PAY000265,Movie_361,C0265,24581.95,2026-04-02
PAY000266,Music_039,C0266,38002.39,2026-04-02
PAY000267,Movie_237,C0267,19521.84,2026-04-02
PAY000268,Show_128,C0268,10641.65,2026-04-02
PAY000269,Music_158,C0269,45405.99,2026-04-02
PAY000270,Show_083,C0270,41215.16,2026-04-02
PAY000271,Movie_273,C0271,35522.51,2026-04-02
PAY000272,Movie_202,C0272,20992.44,2026-04-02
PAY000273,Movie_014,C0273,49171.44,2026-04-02
PAY000274,Movie_428,C0274,12672.58,2026-04-02
PAY000275,Movie_240,C0275,14279.54,2026-04-02
PAY000276,Movie_085,C0276,15489.37,2026-04-02
PAY000277,Show_033,C0277,7271.62,2026-04-02
PAY000278,Movie_173,C0278,40504.54,2026-04-02
PAY000279,Movie_290,C0279,45529.05,2026-04-02
PAY000280,Movie_486,C0280,11968.97,2026-04-02
PAY000281,Movie_330,C0281,6389.71,2026-04-02
PAY000282,Show_184,C0282,43528.38,2026-04-02
PAY000283,Movie_319,C0283,46801.42,2026-04-02
PAY000284,Movie_455,C0284,12311.96,2026-04-02
PAY000285,Movie_250,C0285,39826.67,2026-04-02
PAY000286,Music_047,C0286,23117.4,2026-04-02
PAY000287,Movie_280,C0287,12963.03,2026-04-02
PAY000288,Movie_456,C0288,39615.58,2026-04-02
PAY000289,Music_102,C0289,8596.03,2026-04-02
PAY000290,Show_262,C0290,13948.64,2026-04-02
PAY000291,Show_048,C0291,46716.12,2026-04-02
PAY000292,Movie_181,C0292,44968.37,2026-04-02
PAY000293,Show_058,C0293,42900.0,2026-04-02
PAY000294,Show_129,C0294,2209.16,2026-04-02
PAY000295,Movie_424,C0295,39719.4,2026-04-02
PAY000296,Music_044,C0296,45374.44,2026-04-02
PAY000297,Movie_011,C0297,39539.46,2026-04-02
PAY000298,Movie_200,C0298,28058.82,2026-04-02
PAY000299,Movie_426,C0299,36845.77,2026-04-02
PAY000300,Show_035,C0300,13193.91,2026-04-02
PAY000301,Movie_032,C0301,24569.6,2026-04-02
PAY000302,Show_080,C0302,31291.29,2026-04-02
PAY000303,Movie_405,C0303,33935.66,2026-04-02
PAY000304,Movie_278,C0304,47292.47,2026-04-02
PAY000305,Movie_445,C0305,22859.67,2026-04-02
PAY000306,Show_272,C0306,4842.33,2026-04-02
PAY000307,Movie_373,C0307,14813.38,2026-04-02
PAY000308,Show_223,C0308,29982.32,2026-04-02
PAY000309,Movie_401,C0309,42584.49,2026-04-02
PAY000310,Movie_079,C0310,17849.72,2026-04-02
PAY000311,Show_038,C0311,17256.74,2026-04-02
PAY000312,Show_076,C0312,26687.92,2026-04-02
PAY000313,Show_049,C0313,37339.52,2026-04-02
PAY000314,Show_211,C0314,40423.89,2026-04-02
PAY000315,Movie_042,C0315,48878.82,2026-04-02
PAY000316,Music_086,C0316,16197.73,2026-04-02
PAY000317,Show_133,C0317,24810.98,2026-04-02
PAY000318,Music_059,C0318,13341.9,2026-04-02
PAY000319,Movie_140,C0319,35337.21,2026-04-02
PAY000320,Movie_386,C0320,33582.8,2026-04-02
PAY000321,Movie_457,C0321,6333.91,2026-04-02
PAY000322,Music_133,C0322,28095.07,2026-04-02
PAY000323,Music_014,C0323,9836.83,2026-04-02
PAY000324,Movie_141,C0324,45177.18,2026-04-02
PAY000325,Show_125,C0325,18200.36,2026-04-02
PAY000326,Movie_321,C0326,3590.97,2026-04-02
PAY000327,Show_209,C0327,43420.53,2026-04-02
PAY000328,Movie_458,C0328,29138.77,2026-04-02
PAY000329,Music_074,C0329,28344.97,2026-04-02
PAY000330,Movie_327,C0330,41214.24,2026-04-02
PAY000331,Movie_127,C0331,45712.26,2026-04-02
PAY000332,Movie_133,C0332,25519.26,2026-04-02
PAY000333,Music_018,C0333,36224.99,2026-04-02
PAY000334,Movie_398,C0334,17534.68,2026-04-02
PAY000335,Music_116,C0335,8667.07,2026-04-02
PAY000336,Music_194,C0336,34435.85,2026-04-02
PAY000337,Movie_416,C0337,46753.16,2026-04-02
PAY000338,Show_096,C0338,40926.27,2026-04-02
PAY000339,Movie_259,C0339,5651.83,2026-04-02
PAY000340,Movie_314,C0340,30001.14,2026-04-02
PAY000341,Movie_410,C0341,11479.88,2026-04-02
PAY000342,Movie_163,C0342,30578.77,2026-04-02
PAY000343,Movie_305,C0343,5267.99,2026-04-02
PAY000344,Movie_287,C0344,28309.57,2026-04-02
PAY000345,Show_145,C0345,44183.85,2026-04-02
PAY000346,Show_136,C0346,22805.75,2026-04-02
PAY000347,Movie_354,C0347,45087.88,2026-04-02
PAY000348,Movie_069,C0348,8553.94,2026-04-02
PAY000349,Show_179,C0349,47893.63,2026-04-02
PAY000350,Music_034,C0350,28143.32,2026-04-02
PAY000351,Music_136,C0351,23786.63,2026-04-02
PAY000352,Show_180,C0352,45455.25,2026-04-02
PAY000353,Show_220,C0353,44490.87,2026-04-02
PAY000354,Movie_238,C0354,2721.65,2026-04-02
PAY000355,Movie_266,C0355,32251.26,2026-04-02
PAY000356,Movie_091,C0356,21749.08,2026-04-02
PAY000357,Music_036,C0357,36548.13,2026-04-02
PAY000358,Music_063,C0358,49725.49,2026-04-02
PAY000359,Movie_055,C0359,37757.66,2026-04-02
PAY000360,Show_158,C0360,22593.09,2026-04-02
PAY000361,Music_144,C0361,3065.68,2026-04-02
PAY000362,Movie_407,C0362,34650.52,2026-04-02
PAY000363,Movie_381,C0363,43865.02,2026-04-02
PAY000364,Movie_125,C0364,9121.98,2026-04-02
PAY000365,Movie_492,C0365,17377.59,2026-04-02
PAY000366,Music_003,C0366,31637.64,2026-04-02
PAY000367,Music_101,C0367,32964.64,2026-04-02
PAY000368,Movie_431,C0368,19193.73,2026-04-02
PAY000369,Music_146,C0369,43137.65,2026-04-02
PAY000370,Show_204,C0370,2413.84,2026-04-02
PAY000371,Movie_295,C0371,4687.3,2026-04-02
PAY000372,Music_079,C0372,26549.11,2026-04-02
PAY000373,Movie_213,C0373,34449.37,2026-04-02
PAY000374,Music_119,C0374,33540.28,2026-04-02
PAY000375,Movie_038,C0375,26213.69,2026-04-02
PAY000376,Music_061,C0376,41921.22,2026-04-02
PAY000377,Music_099,C0377,21631.19,2026-04-02
PAY000378,Movie_126,C0378,37219.34,2026-04-02
PAY000379,Movie_024,C0379,10979.89,2026-04-02
PAY000380,Music_040,C0380,17842.77,2026-04-02
PAY000381,Music_177,C0381,6101.6,2026-04-02
PAY000382,Movie_102,C0382,25228.43,2026-04-02
PAY000383,Movie_116,C0383,4884.59,2026-04-02
PAY000384,Movie_436,C0384,39714.9,2026-04-02
PAY000385,Music_151,C0385,45901.2,2026-04-02
PAY000386,Movie_121,C0386,10340.68,2026-04-02
PAY000387,Movie_385,C0387,23614.33,2026-04-02
PAY000388,Movie_048,C0388,4095.24,2026-04-02
PAY000389,Movie_172,C0389,20563.46,2026-04-02
PAY000390,Movie_318,C0390,40530.92,2026-04-02
PAY000391,Movie_325,C0391,21195.47,2026-04-02
PAY000392,Music_081,C0392,4174.11,2026-04-02
PAY000393,Movie_264,C0393,46638.64,2026-04-02
PAY000394,Movie_146,C0394,41770.4,2026-04-02
PAY000395,Movie_044,C0395,33025.08,2026-04-02
PAY000396,Show_005,C0396,30883.44,2026-04-02
PAY000397,Movie_087,C0397,1690.71,2026-04-02
PAY000398,Movie_377,C0398,44408.41,2026-04-02
PAY000399,Show_031,C0399,42178.14,2026-04-02
PAY000400,Music_185,C0400,20696.01,2026-04-02
PAY000401,Music_052,C0401,11474.48,2026-04-02
PAY000402,Movie_346,C0402,8133.46,2026-04-02
PAY000403,Movie_404,C0403,33028.32,2026-04-02
PAY000404,Movie_227,C0404,7404.04,2026-04-02
PAY000405,Music_188,C0405,7465.85,2026-04-02
PAY000406,Movie_165,C0406,21427.14,2026-04-02
PAY000407,Movie_336,C0407,12817.32,2026-04-02
PAY000408,Show_101,C0408,5735.35,2026-04-02
PAY000409,Music_117,C0409,30729.5,2026-04-02
PAY000410,Movie_473,C0410,49597.69,2026-04-02
PAY000411,Movie_448,C0411,32556.9,2026-04-02
PAY000412,Movie_108,C0412,35982.07,2026-04-02
PAY000413,Music_057,C0413,30688.36,2026-04-02
PAY000414,Movie_156,C0414,44761.64,2026-04-02
PAY000415,Movie_459,C0415,45747.16,2026-04-02
PAY000416,Movie_281,C0416,40891.81,2026-04-02
PAY000417,Movie_208,C0417,26830.77,2026-04-02
PAY000418,Movie_155,C0418,5249.49,2026-04-02
PAY000419,Show_088,C0419,13292.0,2026-04-02
PAY000420,Show_258,C0420,17582.18,2026-04-02
PAY000421,Music_186,C0421,43569.39,2026-04-02
PAY000422,Movie_384,C0422,9251.72,2026-04-02
PAY000423,Music_002,C0423,20758.29,2026-04-02
PAY000424,Show_149,C0424,20408.86,2026-04-02
PAY000425,Music_007,C0425,4283.3,2026-04-02
PAY000426,Show_037,C0426,36919.38,2026-04-02
PAY000427,Show_004,C0427,5113.34,2026-04-02
PAY000428,Show_238,C0428,2488.75,2026-04-02
PAY000429,Show_060,C0429,21355.65,2026-04-02
PAY000430,Show_045,C0430,24721.2,2026-04-02
PAY000431,Movie_357,C0431,20038.69,2026-04-02
PAY000432,Movie_207,C0432,32919.06,2026-04-02
PAY000433,Music_089,C0433,17571.01,2026-04-02
PAY000434,Show_112,C0434,36284.39,2026-04-02
PAY000435,Show_212,C0435,42126.0,2026-04-02
PAY000436,Show_032,C0436,30473.2,2026-04-02
PAY000437,Movie_260,C0437,49527.6,2026-04-02
PAY000438,Movie_154,C0438,12581.09,2026-04-02
PAY000439,Music_053,C0439,21963.15,2026-04-02
PAY000440,Movie_064,C0440,16413.35,2026-04-02
PAY000441,Movie_435,C0441,34936.88,2026-04-02
PAY000442,Movie_340,C0442,48596.69,2026-04-02
PAY000443,Show_014,C0443,6618.84,2026-04-02
PAY000444,Show_249,C0444,19290.75,2026-04-02
PAY000445,Movie_488,C0445,47143.71,2026-04-02
PAY000446,Show_025,C0446,24446.11,2026-04-02
PAY000447,Music_094,C0447,37023.01,2026-04-02
PAY000448,Music_153,C0448,10112.87,2026-04-02
PAY000449,Movie_187,C0449,30919.12,2026-04-02
PAY000450,Show_174,C0450,39738.08,2026-04-02
PAY000451,Movie_344,C0451,21625.92,2026-04-02
PAY000452,Movie_378,C0452,38089.09,2026-04-02
PAY000453,Music_104,C0453,28152.24,2026-04-02
PAY000454,Movie_369,C0454,24875.08,2026-04-02
PAY000455,Show_069,C0455,15348.4,2026-04-02
PAY000456,Movie_276,C0456,21666.59,2026-04-02
PAY000457,Show_191,C0457,48366.68,2026-04-02
PAY000458,Movie_267,C0458,16844.13,2026-04-02
PAY000459,Show_283,C0459,48726.77,2026-04-02
PAY000460,Music_138,C0460,13176.83,2026-04-02
PAY000461,Show_034,C0461,38298.94,2026-04-02
PAY000462,Movie_023,C0462,49571.24,2026-04-02
PAY000463,Show_043,C0463,36955.81,2026-04-02
PAY000464,Movie_098,C0464,2984.4,2026-04-02
PAY000465,Movie_296,C0465,48679.28,2026-04-02
PAY000466,Movie_461,C0466,3791.95,2026-04-02
PAY000467,Movie_198,C0467,14628.43,2026-04-02
PAY000468,Show_208,C0468,15999.9,2026-04-02
PAY000469,Movie_262,C0469,8821.18,2026-04-02
PAY000470,Movie_311,C0470,19083.4,2026-04-02
PAY000471,Music_180,C0471,21786.8,2026-04-02
PAY000472,Movie_161,C0472,9360.94,2026-04-02
PAY000473,Movie_403,C0473,14063.86,2026-04-02
PAY000474,Show_040,C0474,35331.22,2026-04-02
PAY000475,Movie_177,C0475,5238.45,2026-04-02
PAY000476,Show_227,C0476,32898.87,2026-04-02
PAY000477,Show_294,C0477,45385.58,2026-04-02
PAY000478,Music_019,C0478,18848.46,2026-04-02
PAY000479,Show_279,C0479,2015.96,2026-04-02
PAY000480,Show_257,C0480,36195.3,2026-04-02
PAY000481,Movie_298,C0481,47666.2,2026-04-02
PAY000482,Movie_092,C0482,48930.87,2026-04-02
PAY000483,Music_130,C0483,13045.8,2026-04-02
PAY000484,Movie_450,C0484,3984.45,2026-04-02
PAY000485,Show_146,C0485,46580.46,2026-04-02
PAY000486,Movie_015,C0486,28711.67,2026-04-02
PAY000487,Movie_481,C0487,28136.4,2026-04-02
PAY000488,Music_197,C0488,10736.88,2026-04-02
PAY000489,Music_069,C0489,13211.44,2026-04-02
PAY000490,Movie_432,C0490,5585.54,2026-04-02
PAY000491,Show_196,C0491,45331.85,2026-04-02
PAY000492,Show_003,C0492,7479.64,2026-04-02
PAY000493,Movie_261,C0493,41950.64,2026-04-02
PAY000494,Movie_329,C0494,6471.92,2026-04-02
PAY000495,Movie_180,C0495,16859.33,2026-04-02
PAY000496,Show_065,C0496,43440.66,2026-04-02
PAY000497,Movie_396,C0497,46064.0,2026-04-02
PAY000498,Movie_496,C0498,2898.75,2026-04-02
PAY000499,Movie_036,C0499,29461.32,2026-04-02
PAY000500,Movie_443,C0500,41344.22,2026-04-02
PAY000501,Music_128,C0501,1975.2,2026-04-02
PAY000502,Show_160,C0502,29111.44,2026-04-02
PAY000503,Show_137,C0503,25608.83,2026-04-02
PAY000504,Movie_099,C0504,38010.83,2026-04-02
PAY000505,Movie_338,C0505,23368.03,2026-04-02
PAY000506,Movie_013,C0506,8249.31,2026-04-02
PAY000507,Show_185,C0507,28620.81,2026-04-02
PAY000508,Movie_117,C0508,7918.62,2026-04-02
PAY000509,Movie_447,C0509,47754.73,2026-04-02
PAY000510,Movie_408,C0510,16944.7,2026-04-02
PAY000511,Music_016,C0511,45975.76,2026-04-02
PAY000512,Movie_313,C0512,30117.18,2026-04-02
PAY000513,Movie_359,C0513,13099.08,2026-04-02
PAY000514,Movie_472,C0514,7530.86,2026-04-02
PAY000515,Movie_205,C0515,2962.91,2026-04-02
PAY000516,Movie_228,C0516,35853.66,2026-04-02
PAY000517,Movie_482,C0517,34894.07,2026-04-02
PAY000518,Movie_040,C0518,37461.64,2026-04-02
PAY000519,Movie_392,C0519,47320.09,2026-04-02
PAY000520,Movie_111,C0520,13257.54,2026-04-02
PAY000521,Music_033,C0521,25968.81,2026-04-02
PAY000522,Music_013,C0522,24633.53,2026-04-02
PAY000523,Music_163,C0523,36964.54,2026-04-02
PAY000524,Movie_422,C0524,22721.81,2026-04-02
PAY000525,Movie_341,C0525,47398.58,2026-04-02
PAY000526,Movie_184,C0526,32730.7,2026-04-02
PAY000527,Music_198,C0527,41776.38,2026-04-02
PAY000528,Movie_423,C0528,4165.73,2026-04-02
PAY000529,Movie_182,C0529,49660.47,2026-04-02
PAY000530,Music_105,C0530,40356.65,2026-04-02
PAY000531,Music_062,C0531,13354.55,2026-04-02
PAY000532,Show_150,C0532,6830.49,2026-04-02
PAY000533,Show_246,C0533,13061.34,2026-04-02
PAY000534,Show_201,C0534,44618.76,2026-04-02
PAY000535,Movie_106,C0535,46204.36,2026-04-02
PAY000536,Music_120,C0536,32037.72,2026-04-02
PAY000537,Show_152,C0537,47926.05,2026-04-02
PAY000538,Movie_367,C0538,16982.16,2026-04-02
PAY000539,Show_120,C0539,10509.82,2026-04-02
PAY000540,Music_106,C0540,17515.24,2026-04-02
PAY000541,Movie_316,C0541,49756.91,2026-04-02
PAY000542,Movie_043,C0542,20390.97,2026-04-02
PAY000543,Movie_131,C0543,42621.78,2026-04-02
PAY000544,Movie_441,C0544,10781.97,2026-04-02
PAY000545,Movie_152,C0545,19842.82,2026-04-02
PAY000546,Show_089,C0546,7497.81,2026-04-02
PAY000547,Movie_037,C0547,30537.3,2026-04-02
PAY000548,Movie_153,C0548,38739.96,2026-04-02
PAY000549,Show_177,C0549,46562.77,2026-04-02
PAY000550,Music_161,C0550,34301.51,2026-04-02
PAY000551,Show_102,C0551,15225.59,2026-04-02
PAY000552,Movie_438,C0552,37141.38,2026-04-02
PAY000553,Movie_453,C0553,23777.48,2026-04-02
PAY000554,Show_286,C0554,24306.96,2026-04-02
PAY000555,Movie_269,C0555,30934.04,2026-04-02
PAY000556,Movie_134,C0556,42402.69,2026-04-02
PAY000557,Movie_342,C0557,30390.8,2026-04-02
PAY000558,Music_004,C0558,47039.6,2026-04-02
PAY000559,Movie_046,C0559,16589.69,2026-04-02
PAY000560,Movie_284,C0560,11985.22,2026-04-02
PAY000561,Show_153,C0561,46957.09,2026-04-02
PAY000562,Music_149,C0562,3160.2,2026-04-02
PAY000563,Movie_053,C0563,29693.78,2026-04-02
PAY000564,Music_022,C0564,16970.6,2026-04-02
PAY000565,Show_280,C0565,44358.1,2026-04-02
PAY000566,Music_178,C0566,48300.09,2026-04-02
PAY000567,Show_100,C0567,44949.6,2026-04-02
PAY000568,Movie_209,C0568,22481.45,2026-04-02
PAY000569,Movie_352,C0569,15115.08,2026-04-02
PAY000570,Movie_216,C0570,43961.95,2026-04-02
PAY000571,Movie_289,C0571,13632.18,2026-04-02
PAY000572,Movie_279,C0572,26482.79,2026-04-02
PAY000573,Music_154,C0573,18814.51,2026-04-02
PAY000574,Music_021,C0574,36602.94,2026-04-02
PAY000575,Movie_110,C0575,22593.69,2026-04-02
PAY000576,Movie_119,C0576,25294.23,2026-04-02
PAY000577,Music_142,C0577,25561.69,2026-04-02
PAY000578,Movie_138,C0578,13215.41,2026-04-02
PAY000579,Movie_107,C0579,4973.91,2026-04-02
PAY000580,Movie_307,C0580,41096.87,2026-04-02
PAY000581,Music_173,C0581,31703.83,2026-04-02
PAY000582,Movie_009,C0582,37839.52,2026-04-02
PAY000583,Music_023,C0583,26535.57,2026-04-02
PAY000584,Movie_310,C0584,12648.73,2026-04-02
PAY000585,Show_057,C0585,41658.62,2026-04-02
PAY000586,Show_244,C0586,1685.72,2026-04-02
PAY000587,Show_135,C0587,30672.33,2026-04-02
PAY000588,Movie_292,C0588,18537.93,2026-04-02
PAY000589,Movie_379,C0589,41101.19,2026-04-02
PAY000590,Music_090,C0590,9344.52,2026-04-02
PAY000591,Show_130,C0591,2526.63,2026-04-02
PAY000592,Movie_358,C0592,44337.79,2026-04-02
PAY000593,Show_213,C0593,32032.99,2026-04-02
PAY000594,Show_121,C0594,16310.41,2026-04-02
PAY000595,Show_019,C0595,19726.3,2026-04-02
PAY000596,Show_163,C0596,34328.01,2026-04-02
PAY000597,Show_051,C0597,6671.73,2026-04-02
PAY000598,Movie_076,C0598,49854.43,2026-04-02
PAY000599,Movie_103,C0599,30674.8,2026-04-02
PAY000600,Show_077,C0600,7092.18,2026-04-02
PAY000601,Music_058,C0601,34309.96,2026-04-02
PAY000602,Movie_010,C0602,17118.83,2026-04-02
PAY000603,Movie_075,C0603,40005.67,2026-04-02
PAY000604,Music_152,C0604,37165.87,2026-04-02
PAY000605,Movie_469,C0605,8557.55,2026-04-02
PAY000606,Movie_308,C0606,47296.91,2026-04-02
PAY000607,Movie_135,C0607,40571.89,2026-04-02
PAY000608,Music_060,C0608,29955.09,2026-04-02
PAY000609,Music_085,C0609,45076.42,2026-04-02
PAY000610,Movie_245,C0610,46358.5,2026-04-02
PAY000611,Show_142,C0611,28880.63,2026-04-02
PAY000612,Movie_210,C0612,32529.9,2026-04-02
PAY000613,Movie_268,C0613,41860.17,2026-04-02
PAY000614,Music_071,C0614,2362.35,2026-04-02
PAY000615,Show_036,C0615,11287.45,2026-04-02
PAY000616,Show_079,C0616,19504.45,2026-04-02
PAY000617,Music_046,C0617,19263.26,2026-04-02
PAY000618,Music_169,C0618,15101.55,2026-04-02
PAY000619,Movie_084,C0619,33409.97,2026-04-02
PAY000620,Movie_041,C0620,26458.74,2026-04-02
PAY000621,Show_109,C0621,22200.43,2026-04-02
PAY000622,Show_093,C0622,1432.17,2026-04-02
PAY000623,Music_054,C0623,47392.5,2026-04-02
PAY000624,Show_084,C0624,26150.68,2026-04-02
PAY000625,Movie_123,C0625,41433.75,2026-04-02
PAY000626,Movie_414,C0626,40987.04,2026-04-02
PAY000627,Movie_241,C0627,19741.29,2026-04-02
PAY000628,Show_224,C0628,13183.97,2026-04-02
PAY000629,Show_110,C0629,31611.6,2026-04-02
PAY000630,Show_267,C0630,46684.25,2026-04-02
PAY000631,Movie_191,C0631,18515.8,2026-04-02
PAY000632,Movie_083,C0632,17572.63,2026-04-02
PAY000633,Show_021,C0633,2416.62,2026-04-02
PAY000634,Music_077,C0634,15270.14,2026-04-02
PAY000635,Music_006,C0635,10724.4,2026-04-02
PAY000636,Show_284,C0636,31819.54,2026-04-02
PAY000637,Show_015,C0637,8504.12,2026-04-02
PAY000638,Movie_489,C0638,39660.14,2026-04-02
PAY000639,Music_048,C0639,14493.97,2026-04-02
PAY000640,Show_173,C0640,38714.43,2026-04-02
PAY000641,Movie_059,C0641,6587.95,2026-04-02
PAY000642,Movie_322,C0642,8870.36,2026-04-02
PAY000643,Show_192,C0643,13310.03,2026-04-02
PAY000644,Show_056,C0644,14785.44,2026-04-02
PAY000645,Show_094,C0645,6533.95,2026-04-02
PAY000646,Music_038,C0646,4517.75,2026-04-02
PAY000647,Movie_223,C0647,37754.45,2026-04-02
PAY000648,Movie_304,C0648,32944.49,2026-04-02
PAY000649,Show_217,C0649,6660.73,2026-04-02
PAY000650,Movie_159,C0650,10884.25,2026-04-02
PAY000651,Movie_499,C0651,9738.19,2026-04-02
PAY000652,Show_070,C0652,39657.63,2026-04-02
PAY000653,Music_098,C0653,24443.37,2026-04-02
PAY000654,Movie_293,C0654,27010.4,2026-04-02
PAY000655,Movie_466,C0655,13953.42,2026-04-02
PAY000656,Music_189,C0656,25559.36,2026-04-02
PAY000657,Movie_400,C0657,38795.4,2026-04-02
PAY000658,Movie_003,C0658,3663.43,2026-04-02
PAY000659,Music_087,C0659,9533.47,2026-04-02
PAY000660,Movie_169,C0660,43040.53,2026-04-02
PAY000661,Show_226,C0661,24396.08,2026-04-02
PAY000662,Music_070,C0662,36953.71,2026-04-02
PAY000663,Movie_219,C0663,11485.78,2026-04-02
PAY000664,Movie_493,C0664,31054.02,2026-04-02
PAY000665,Show_216,C0665,32556.7,2026-04-02
PAY000666,Show_252,C0666,18012.14,2026-04-02
PAY000667,Movie_171,C0667,45841.25,2026-04-02
PAY000668,Movie_243,C0668,17911.48,2026-04-02
PAY000669,Music_181,C0669,5845.46,2026-04-02
PAY000670,Movie_016,C0670,11742.78,2026-04-02
PAY000671,Show_054,C0671,5893.52,2026-04-02
PAY000672,Show_168,C0672,28332.7,2026-04-02
PAY000673,Movie_052,C0673,30050.0,2026-04-02
PAY000674,Music_190,C0674,46709.93,2026-04-02
PAY000675,Show_064,C0675,9020.65,2026-04-02
PAY000676,Movie_454,C0676,10177.41,2026-04-02
PAY000677,Movie_078,C0677,47651.23,2026-04-02
PAY000678,Movie_256,C0678,42398.28,2026-04-02
PAY000679,Music_113,C0679,48116.28,2026-04-02
PAY000680,Show_218,C0680,26737.67,2026-04-02
PAY000681,Movie_188,C0681,30773.0,2026-04-02
PAY000682,Music_030,C0682,19360.97,2026-04-02
PAY000683,Movie_144,C0683,3392.44,2026-04-02
PAY000684,Music_167,C0684,31260.34,2026-04-02
PAY000685,Music_015,C0685,4409.26,2026-04-02
PAY000686,Show_206,C0686,40185.46,2026-04-02
PAY000687,Music_124,C0687,46536.98,2026-04-02
PAY000688,Movie_255,C0688,39986.38,2026-04-02
PAY000689,Movie_112,C0689,48244.43,2026-04-02
PAY000690,Movie_348,C0690,30012.94,2026-04-02
PAY000691,Movie_413,C0691,3703.56,2026-04-02
PAY000692,Movie_063,C0692,17310.18,2026-04-02
PAY000693,Movie_101,C0693,49565.39,2026-04-02
PAY000694,Show_162,C0694,6562.82,2026-04-02
PAY000695,Show_170,C0695,49724.8,2026-04-02
PAY000696,Show_190,C0696,4363.56,2026-04-02
PAY000697,Movie_056,C0697,23926.84,2026-04-02
PAY000698,Movie_479,C0698,48095.15,2026-04-02
PAY000699,Movie_421,C0699,30761.69,2026-04-02
PAY000700,Show_256,C0700,12603.03,2026-04-02
PAY000701,Movie_363,C0701,17510.36,2026-04-02
PAY000702,Movie_442,C0702,27996.12,2026-04-02
PAY000703,Show_175,C0703,38704.12,2026-04-02
PAY000704,Music_147,C0704,23666.99,2026-04-02
PAY000705,Movie_097,C0705,48880.3,2026-04-02
PAY000706,Movie_195,C0706,6140.25,2026-04-02
PAY000707,Movie_417,C0707,31908.6,2026-04-02
PAY000708,Show_210,C0708,43082.18,2026-04-02
PAY000709,Movie_249,C0709,37497.18,2026-04-02
PAY000710,Movie_485,C0710,29092.88,2026-04-02
PAY000711,Show_091,C0711,7662.4,2026-04-02
PAY000712,Show_085,C0712,22835.77,2026-04-02
PAY000713,Movie_136,C0713,24229.94,2026-04-02
PAY000714,Show_254,C0714,10573.04,2026-04-02
PAY000715,Movie_220,C0715,15085.54,2026-04-02
PAY000716,Show_268,C0716,46459.78,2026-04-02
PAY000717,Show_186,C0717,22914.37,2026-04-02
PAY000718,Movie_286,C0718,1274.83,2026-04-02
PAY000719,Movie_244,C0719,41332.99,2026-04-02
PAY000720,Show_027,C0720,22093.94,2026-04-02
PAY000721,Show_229,C0721,29908.15,2026-04-02
PAY000722,Movie_339,C0722,23580.69,2026-04-02
PAY000723,Music_073,C0723,42071.41,2026-04-02
PAY000724,Movie_070,C0724,31656.66,2026-04-02
PAY000725,Music_075,C0725,44459.26,2026-04-02
PAY000726,Movie_061,C0726,27248.0,2026-04-02
PAY000727,Show_147,C0727,41637.33,2026-04-02
PAY000728,Show_225,C0728,1178.53,2026-04-02
PAY000729,Movie_073,C0729,48405.38,2026-04-02
PAY000730,Movie_008,C0730,12826.52,2026-04-02
PAY000731,Music_168,C0731,8698.94,2026-04-02
PAY000732,Show_235,C0732,39220.02,2026-04-02
PAY000733,Movie_236,C0733,5747.1,2026-04-02
PAY000734,Show_068,C0734,24659.48,2026-04-02
PAY000735,Show_103,C0735,46552.55,2026-04-02
PAY000736,Movie_022,C0736,27045.31,2026-04-02
PAY000737,Movie_347,C0737,14203.25,2026-04-02
PAY000738,Music_028,C0738,40799.16,2026-04-02
PAY000739,Movie_231,C0739,15546.15,2026-04-02
PAY000740,Movie_254,C0740,32438.29,2026-04-02
PAY000741,Movie_124,C0741,12219.19,2026-04-02
PAY000742,Movie_463,C0742,43543.09,2026-04-02
PAY000743,Show_030,C0743,42962.68,2026-04-02
PAY000744,Movie_449,C0744,36497.26,2026-04-02
PAY000745,Music_032,C0745,32037.63,2026-04-02
PAY000746,Music_172,C0746,47018.41,2026-04-02
PAY000747,Show_188,C0747,48170.87,2026-04-02
PAY000748,Music_045,C0748,26343.81,2026-04-02
PAY000749,Movie_320,C0749,18767.82,2026-04-02
PAY000750,Show_231,C0750,24632.29,2026-04-02
PAY000751,Movie_206,C0751,29594.89,2026-04-02
PAY000752,Show_207,C0752,3258.64,2026-04-02
PAY000753,Music_139,C0753,9994.02,2026-04-02
PAY000754,Show_285,C0754,1862.15,2026-04-02
PAY000755,Music_067,C0755,49354.63,2026-04-02
PAY000756,Movie_434,C0756,34004.91,2026-04-02
PAY000757,Show_122,C0757,24789.0,2026-04-02
PAY000758,Show_041,C0758,32625.9,2026-04-02
PAY000759,Music_056,C0759,4024.63,2026-04-02
PAY000760,Movie_170,C0760,9750.16,2026-04-02
PAY000761,Show_063,C0761,1345.42,2026-04-02
PAY000762,Movie_487,C0762,22124.89,2026-04-02
PAY000763,Show_176,C0763,5998.07,2026-04-02
PAY000764,Movie_132,C0764,27644.67,2026-04-02
PAY000765,Movie_129,C0765,40653.79,2026-04-02
PAY000766,Show_046,C0766,6276.0,2026-04-02
PAY000767,Movie_071,C0767,42840.15,2026-04-02
PAY000768,Movie_498,C0768,3567.62,2026-04-02
PAY000769,Show_250,C0769,31781.09,2026-04-02
PAY000770,Movie_088,C0770,12493.21,2026-04-02
PAY000771,Music_134,C0771,22322.34,2026-04-02
PAY000772,Music_066,C0772,11826.59,2026-04-02
PAY000773,Movie_247,C0773,16367.44,2026-04-02
PAY000774,Movie_060,C0774,7424.25,2026-04-02
PAY000775,Movie_246,C0775,38147.08,2026-04-02
PAY000776,Movie_315,C0776,34822.1,2026-04-02
PAY000777,Movie_372,C0777,33696.36,2026-04-02
PAY000778,Music_009,C0778,47811.84,2026-04-02
PAY000779,Movie_020,C0779,27096.94,2026-04-02
PAY000780,Show_001,C0780,46542.85,2026-04-02
PAY000781,Movie_332,C0781,18641.46,2026-04-02
PAY000782,Show_114,C0782,20286.29,2026-04-02
PAY000783,Movie_001,C0783,27417.5,2026-04-02
PAY000784,Show_044,C0784,40993.06,2026-04-02
PAY000785,Show_053,C0785,34866.24,2026-04-02
PAY000786,Movie_166,C0786,12800.5,2026-04-02
PAY000787,Show_299,C0787,23023.44,2026-04-02
PAY000788,Movie_383,C0788,13693.95,2026-04-02
PAY000789,Music_035,C0789,41386.23,2026-04-02
PAY000790,Music_174,C0790,19481.87,2026-04-02
PAY000791,Music_095,C0791,27367.0,2026-04-02
PAY000792,Show_297,C0792,45806.41,2026-04-02
PAY000793,Music_200,C0793,15502.21,2026-04-02
PAY000794,Movie_306,C0794,35951.43,2026-04-02
PAY000795,Show_141,C0795,34200.37,2026-04-02
PAY000796,Movie_109,C0796,17246.37,2026-04-02
PAY000797,Show_020,C0797,16706.07,2026-04-02
PAY000798,Movie_183,C0798,15026.11,2026-04-02
PAY000799,Show_281,C0799,47506.55,2026-04-02
PAY000800,Show_013,C0800,48442.46,2026-04-02
PAY000801,Music_131,C0801,32574.69,2026-04-02
PAY000802,Show_237,C0802,48999.49,2026-04-02
PAY000803,Show_240,C0803,26464.97,2026-04-02
PAY000804,Movie_004,C0804,5716.14,2026-04-02
PAY000805,Music_109,C0805,15871.47,2026-04-02
PAY000806,Movie_162,C0806,8368.27,2026-04-02
PAY000807,Movie_446,C0807,15086.86,2026-04-02
PAY000808,Music_132,C0808,14519.1,2026-04-02
PAY000809,Music_199,C0809,1863.13,2026-04-02
PAY000810,Music_156,C0810,12594.96,2026-04-02
PAY000811,Show_157,C0811,19067.32,2026-04-02
PAY000812,Show_288,C0812,31493.1,2026-04-02
PAY000813,Music_100,C0813,41652.27,2026-04-02
PAY000814,Show_269,C0814,29507.21,2026-04-02
PAY000815,Music_137,C0815,17765.35,2026-04-02
PAY000816,Show_199,C0816,19991.96,2026-04-02
PAY000817,Movie_118,C0817,16552.31,2026-04-02
PAY000818,Show_239,C0818,16791.47,2026-04-02
PAY000819,Music_031,C0819,12501.78,2026-04-02
PAY000820,Movie_012,C0820,19313.18,2026-04-02
PAY000821,Show_067,C0821,37777.82,2026-04-02
PAY000822,Movie_258,C0822,1973.49,2026-04-02
PAY000823,Show_042,C0823,21059.39,2026-04-02
PAY000824,Movie_480,C0824,43295.61,2026-04-02
PAY000825,Music_164,C0825,1732.97,2026-04-02
PAY000826,Movie_391,C0826,5912.1,2026-04-02
PAY000827,Movie_395,C0827,38802.44,2026-04-02
PAY000828,Movie_066,C0828,1979.99,2026-04-02
PAY000829,Show_111,C0829,31278.02,2026-04-02
PAY000830,Music_157,C0830,13072.17,2026-04-02
PAY000831,Show_197,C0831,20503.61,2026-04-02
PAY000832,Music_012,C0832,21097.14,2026-04-02
PAY000833,Music_159,C0833,14657.19,2026-04-02
PAY000834,Show_143,C0834,44645.97,2026-04-02
PAY000835,Movie_157,C0835,41890.94,2026-04-02
PAY000836,Movie_113,C0836,20240.75,2026-04-02
PAY000837,Movie_049,C0837,8402.9,2026-04-02
PAY000838,Show_274,C0838,12387.61,2026-04-02
PAY000839,Movie_094,C0839,7479.85,2026-04-02
PAY000840,Show_006,C0840,48492.43,2026-04-02
PAY000841,Show_022,C0841,1893.4,2026-04-02
PAY000842,Movie_142,C0842,26526.1,2026-04-02
PAY000843,Music_082,C0843,31655.86,2026-04-02
PAY000844,Music_126,C0844,9803.72,2026-04-02
PAY000845,Movie_409,C0845,8874.93,2026-04-02
PAY000846,Show_098,C0846,11295.52,2026-04-02
PAY000847,Movie_439,C0847,22820.45,2026-04-02
PAY000848,Show_099,C0848,29381.03,2026-04-02
PAY000849,Show_265,C0849,7330.68,2026-04-02
PAY000850,Movie_270,C0850,35946.04,2026-04-02
PAY000851,Show_052,C0851,13301.54,2026-04-02
PAY000852,Music_175,C0852,25933.73,2026-04-02
PAY000853,Show_263,C0853,41826.91,2026-04-02
PAY000854,Movie_253,C0854,33733.97,2026-04-02
PAY000855,Music_193,C0855,41485.46,2026-04-02
PAY000856,Movie_272,C0856,14849.59,2026-04-02
PAY000857,Movie_147,C0857,7450.7,2026-04-02
PAY000858,Movie_470,C0858,27217.08,2026-04-02
PAY000859,Show_159,C0859,40232.05,2026-04-02
PAY000860,Movie_406,C0860,17049.32,2026-04-02
PAY000861,Show_012,C0861,41493.1,2026-04-02
PAY000862,Show_172,C0862,42568.74,2026-04-02
PAY000863,Movie_218,C0863,7439.48,2026-04-02
PAY000864,Movie_323,C0864,44616.61,2026-04-02
PAY000865,Show_236,C0865,39268.12,2026-04-02
PAY000866,Show_081,C0866,24448.27,2026-04-02
PAY000867,Movie_217,C0867,29810.17,2026-04-02
PAY000868,Movie_068,C0868,5632.65,2026-04-02
PAY000869,Movie_275,C0869,22333.1,2026-04-02
PAY000870,Movie_411,C0870,15175.01,2026-04-02
PAY000871,Movie_324,C0871,36136.91,2026-04-02
PAY000872,Music_025,C0872,49017.49,2026-04-02
PAY000873,Music_183,C0873,34173.15,2026-04-02
PAY000874,Music_042,C0874,18544.54,2026-04-02
PAY000875,Movie_235,C0875,42630.89,2026-04-02
PAY000876,Movie_058,C0876,11701.05,2026-04-02
PAY000877,Show_295,C0877,47217.29,2026-04-02
PAY000878,Show_287,C0878,30529.93,2026-04-02
PAY000879,Music_064,C0879,2004.08,2026-04-02
PAY000880,Movie_333,C0880,42031.18,2026-04-02
PAY000881,Show_202,C0881,20994.67,2026-04-02
PAY000882,Movie_225,C0882,8042.41,2026-04-02
PAY000883,Show_071,C0883,15191.55,2026-04-02
PAY000884,Show_205,C0884,13949.85,2026-04-02
PAY000885,Show_156,C0885,8504.53,2026-04-02
PAY000886,Movie_277,C0886,34566.18,2026-04-02
PAY000887,Movie_389,C0887,23183.41,2026-04-02
PAY000888,Movie_474,C0888,44159.44,2026-04-02
PAY000889,Movie_168,C0889,39987.33,2026-04-02
PAY000890,Music_195,C0890,17741.64,2026-04-02
PAY000891,Show_247,C0891,20947.28,2026-04-02
PAY000892,Show_047,C0892,41005.09,2026-04-02
PAY000893,Movie_176,C0893,43088.05,2026-04-02
PAY000894,Music_108,C0894,34976.95,2026-04-02
PAY000895,Show_124,C0895,2305.64,2026-04-02
PAY000896,Movie_074,C0896,2124.4,2026-04-02
PAY000897,Show_164,C0897,3644.94,2026-04-02
PAY000898,Show_200,C0898,1290.87,2026-04-02
PAY000899,Music_171,C0899,14554.02,2026-04-02
PAY000900,Movie_274,C0900,18834.7,2026-04-02
PAY000901,Show_187,C0901,20374.67,2026-04-02
PAY000902,Movie_215,C0902,6689.94,2026-04-02
PAY000903,Movie_364,C0903,45401.62,2026-04-02
PAY000904,Movie_380,C0904,2506.46,2026-04-02
PAY000905,Movie_167,C0905,18782.54,2026-04-02
PAY000906,Movie_374,C0906,4297.45,2026-04-02
PAY000907,Music_055,C0907,29650.03,2026-04-02
PAY000908,Show_151,C0908,48827.93,2026-04-02
PAY000909,Movie_465,C0909,8744.76,2026-04-02
PAY000910,Music_155,C0910,27871.99,2026-04-02
PAY000911,Music_148,C0911,47666.57,2026-04-02
PAY000912,Movie_104,C0912,48476.01,2026-04-02
PAY000913,Music_088,C0913,29501.64,2026-04-02
PAY000914,Music_179,C0914,47881.25,2026-04-02
PAY000915,Music_076,C0915,16912.43,2026-04-02
PAY000916,Movie_082,C0916,10607.67,2026-04-02
PAY000917,Movie_297,C0917,36897.27,2026-04-02
PAY000918,Show_292,C0918,19831.61,2026-04-02
PAY000919,Movie_234,C0919,30178.76,2026-04-02
PAY000920,Show_178,C0920,48193.39,2026-04-02
PAY000921,Movie_047,C0921,13857.96,2026-04-02
PAY000922,Movie_072,C0922,19957.19,2026-04-02
PAY000923,Show_222,C0923,1981.93,2026-04-02
PAY000924,Movie_197,C0924,9207.16,2026-04-02
PAY000925,Show_092,C0925,26126.91,2026-04-02
PAY000926,Movie_371,C0926,1570.63,2026-04-02
PAY000927,Music_083,C0927,27159.61,2026-04-02
PAY000928,Music_107,C0928,36775.66,2026-04-02
PAY000929,Show_134,C0929,15931.24,2026-04-02
PAY000930,Show_144,C0930,31644.0,2026-04-02
PAY000931,Music_050,C0931,10365.71,2026-04-02
PAY000932,Movie_301,C0932,8414.3,2026-04-02
PAY000933,Show_066,C0933,26125.99,2026-04-02
PAY000934,Movie_081,C0934,21299.75,2026-04-02
PAY000935,Movie_388,C0935,22826.22,2026-04-02
PAY000936,Movie_128,C0936,33504.27,2026-04-02
PAY000937,Show_050,C0937,21383.25,2026-04-02
PAY000938,Movie_471,C0938,8367.73,2026-04-02
PAY000939,Show_248,C0939,38817.11,2026-04-02
PAY000940,Movie_045,C0940,25046.92,2026-04-02
PAY000941,Music_027,C0941,7201.35,2026-04-02
PAY000942,Movie_271,C0942,20931.87,2026-04-02
PAY000943,Show_119,C0943,28264.39,2026-04-02
PAY000944,Movie_353,C0944,31534.21,2026-04-02
PAY000945,Music_068,C0945,18457.58,2026-04-02
PAY000946,Movie_368,C0946,21376.15,2026-04-02
PAY000947,Movie_100,C0947,19464.68,2026-04-02
PAY000948,Movie_390,C0948,24152.19,2026-04-02
PAY000949,Movie_095,C0949,44416.38,2026-04-02
PAY000950,Music_191,C0950,10870.01,2026-04-02
PAY000951,Movie_345,C0951,47083.44,2026-04-02
PAY000952,Show_282,C0952,21447.29,2026-04-02
PAY000953,Movie_221,C0953,18830.01,2026-04-02
PAY000954,Movie_160,C0954,36372.0,2026-04-02
PAY000955,Music_165,C0955,16261.98,2026-04-02
PAY000956,Movie_349,C0956,3115.61,2026-04-02
PAY000957,Music_184,C0957,28449.85,2026-04-02
PAY000958,Show_215,C0958,45982.29,2026-04-02
PAY000959,Movie_164,C0959,14636.2,2026-04-02
PAY000960,Music_026,C0960,8961.16,2026-04-02
PAY000961,Show_278,C0961,43011.97,2026-04-02
PAY000962,Movie_007,C0962,15896.57,2026-04-02
PAY000963,Music_091,C0963,43822.35,2026-04-02
PAY000964,Music_029,C0964,5924.43,2026-04-02
PAY000965,Movie_285,C0965,13212.54,2026-04-02
PAY000966,Show_104,C0966,41293.22,2026-04-02
PAY000967,Movie_460,C0967,25004.83,2026-04-02
PAY000968,Movie_226,C0968,39225.49,2026-04-02
PAY000969,Movie_430,C0969,34532.11,2026-04-02
PAY000970,Music_187,C0970,12994.4,2026-04-02
PAY000971,Show_219,C0971,30150.72,2026-04-02
PAY000972,Show_166,C0972,2241.7,2026-04-02
PAY000973,Show_234,C0973,47489.25,2026-04-02
PAY000974,Movie_204,C0974,9612.34,2026-04-02
PAY000975,Show_075,C0975,36872.74,2026-04-02
PAY000976,Movie_028,C0976,42498.51,2026-04-02
PAY000977,Show_117,C0977,22944.08,2026-04-02
PAY000978,Show_018,C0978,46180.09,2026-04-02
PAY000979,Movie_239,C0979,18867.71,2026-04-02
PAY000980,Movie_224,C0980,36680.78,2026-04-02
PAY000981,Movie_096,C0981,38888.55,2026-04-02
PAY000982,Movie_031,C0982,37421.42,2026-04-02
PAY000983,Movie_033,C0983,47881.7,2026-04-02
PAY000984,Movie_433,C0984,24171.5,2026-04-02
PAY000985,Show_105,C0985,42669.43,2026-04-02
PAY000986,Movie_090,C0986,36098.78,2026-04-02
PAY000987,Show_059,C0987,34667.17,2026-04-02
PAY000988,Music_114,C0988,48263.43,2026-04-02
PAY000989,Show_259,C0989,14806.01,2026-04-02
PAY000990,Show_193,C0990,28576.35,2026-04-02
PAY000991,Movie_105,C0991,42163.78,2026-04-02
PAY000992,Show_255,C0992,18636.78,2026-04-02
PAY000993,Movie_143,C0993,28691.98,2026-04-02
PAY000994,Movie_229,C0994,20723.21,2026-04-02
PAY000995,Movie_251,C0995,45183.18,2026-04-02
PAY000996,Movie_282,C0996,25599.39,2026-04-02
PAY000997,Show_260,C0997,39168.39,2026-04-02
PAY000998,Movie_026,C0998,17947.33,2026-04-02
PAY000999,Movie_115,C0999,11932.44,2026-04-02
PAY001000,Show_155,C1000,38959.55,2026-04-02
